PLAC	DIVI	OPEC	SECTION	DIVISION	DIVISION_NAME	DIVISION_NAME_ABBR	VENDOR_TYPE	VELIVERY_QUANTITY	UNIT	UNIT_PRICE	DELIVERY_AMT_EXCLUDE_VAT	DELIVERY_AMT_OF_VAT	DELIVERY_AMT_INCLUDE_VAT	CUR	LOTNO	STATUS_CODE	STATUS_DESC	TOTAL_PO_QTY	TOTAL_PO_RCV_QTY	TOTAL_PO_BAL_QTY	PO_STATUS
T2	71	DM	71DM	T271DM	SPINDLE MOTOR	ASSY	E-PRO	2000325	CHAVANAN CORPORATION LIMITED.	THAILAND	D0008567580	SI-260605-02		5/6/2026	YDD1728	KGL04-M5	FITTING	QC2-2604-0002/PDFN2603015 PDFN2603	-	1	2	PCS	159	318	22.26	340.26	BT		*	RECEIVED AT PBASS COMPLETE	2	2	0	CLOSEDENDOR_CODE	VENDOR_NAME	COUNTRY	INVOICE_NO	TAX_INVOICE_NO	IMPORT_INVOICE_NO	DELIVERY_DATE	PONO	ITEM_NO	ITEM_NAME	SPEC	DRAW	PARTIAL_DELIVERY_COUNT	D
T2	71	DM	71DM	T271DM	SPINDLE MOTOR	ASSY	E-PRO	2000325	CHAVANAN CORPORATION LIMITED.	THAILAND	D0008567584	SI-260605-02		5/6/2026	YDD2004	KGL04-M5	FITTING	QC2-2604-0039/PDWR2603007	-	1	4	PCS	159	636	44.52	680.52	BT		*	RECEIVED AT PBASS COMPLETE	4	4	0	CLOSED
T2	71	DM	71DM	T271DM	SPINDLE MOTOR	ASSY	E-PRO	2000325	CHAVANAN CORPORATION LIMITED.	THAILAND	D0008567589	SI-260605-02		5/6/2026	YDD2692	SQ1130-51-C6	DIRECTIONAL CONTROL VALVE	QC2-2605-0079/PDFN2603204 5 6 7	C4493GENERI	1	16	PCS	825	13200	924	14124	BT		*	RECEIVED AT PBASS COMPLETE	16	16	0	CLOSED
T2	71	DM	71DM	T271DM	SPINDLE MOTOR	ASSY	E-PRO	2000590	H.T.&T. CORPORATION COMPANY LIMITED.	THAILAND	D0008568182	B10838		1/6/2026	YE3472W	M5-0023CP	TAX INVOICT & DELIVERY	M5-0023CP (5 COPY)	FOR STORE	1	1	BOX	1610	1610	112.7	1722.7	BT		*	RECEIVED AT PBASS COMPLETE	1	1	0	CLOSED
T2	71	DM	71DM	T271DM	SPINDLE MOTOR	ASSY	E-PRO	2000590	H.T.&T. CORPORATION COMPANY LIMITED.	THAILAND	D0008577636	B11178		4/6/2026	YE3570W	110MMX300M	RIBBON WAX (AWX FH WAX)	QUO.080624-QTH0044	FDB-0522	1	20	ROL	315	6300	441	6741	BT		*	RECEIVED AT PBASS COMPLETE	20	20	0	CLOSED
T2	71	DM	71DM	T271DM	SPINDLE MOTOR	ASSY	E-PRO	2000590	H.T.&T. CORPORATION COMPANY LIMITED.	THAILAND	D0008582091	B11261		4/6/2026	YE3567W	FDB-0048S	STICKER  MADE IN THAILAND	QUO.260822-QHT1143	FDB-0048S	1	2000	SET	1.25	2500	175	2675	BT		*	RECEIVED AT PBASS COMPLETE	2000	2000	0	CLOSED
T2	71	DM	71DM	T271DM	SPINDLE MOTOR	ASSY	E-PRO	2000590	H.T.&T. CORPORATION COMPANY LIMITED.	THAILAND	D0008582101	B11262		4/6/2026	YE3568W	105X130000MM.	PET 50 MICRONS FILM	QUO.280922-QHT0750	FDB-0081CP	1	55	ROL	927.68	51022.4	3571.57	54593.97	BT		*	RECEIVED AT PBASS COMPLETE	55	55	0	CLOSED
T2	71	DM	71DM	T271DM	SPINDLE MOTOR	ASSY	E-PRO	2000590	H.T.&T. CORPORATION COMPANY LIMITED.	THAILAND	D0008582101	B11262		4/6/2026	YE3569W	105MMX74M.	BLANK PAPER (CF 56G)	QUO.250524-QHT0210	FDB-0076CP	1	35	ROL	295	10325	722.75	11047.75	BT		*	RECEIVED AT PBASS COMPLETE	35	35	0	CLOSED
T2	71	DM	71DM	T271DM	SPINDLE MOTOR	ASSY	E-PRO	2000670	SPECIALTY TECH CORPORATION LIMITED	THAILAND	D0008584492	260610356		5/6/2026	YD50066	HAWG047S6	FILTER	0.45 HAWG047S6 MILLIPORE150PC/BOX	WHITE 47 MM	2	150	PCS	27	4050	283.5	4333.5	BT		*	RECEIVED AT PBASS COMPLETE	300	300	0	CLOSED
T2	71	DM	71DM	T271DM	SPINDLE MOTOR	ASSY	E-PRO	2000670	SPECIALTY TECH CORPORATION LIMITED	THAILAND	D0008584492	260610356		5/6/2026	YD50067	HAWG047S6	FILTER	0.45 HAWG047S6 MILLIPORE150PC/BOX	WHITE 47 MM	1	300	PCS	27	8100	567	8667	BT		*	RECEIVED AT PBASS COMPLETE	300	300	0	CLOSED
T2	71	DM	71DM	T271DM	SPINDLE MOTOR	ASSY	E-PRO	2000670	SPECIALTY TECH CORPORATION LIMITED	THAILAND	D0008584889	260610462		5/6/2026	YD49505	088-1TL303-03F	PLASTIC BAG	LDPE SIZE  40* 54 CM *0.075MM	DORADO 10D	3	6000	PCS	6.46	38760	2713.2	41473.2	BT		*	RECEIVED AT PBASS COMPLETE	60000	25200	34800	ACTIVE
T2	71	DM	71DM	T271DM	SPINDLE MOTOR	ASSY	E-PRO	2000670	SPECIALTY TECH CORPORATION LIMITED	THAILAND	D0008584889	260610462		5/6/2026	YD49507	088-1SV303-01F	PINK BAG	HDPE(PINK)SIZE 30.5X66X0.075MM	ROSEWOOD 2D	3	6000	PCS	5.5	33000	2310	35310	BT		*	RECEIVED AT PBASS COMPLETE	50000	24700	25300	ACTIVE
T2	71	DM	71DM	T271DM	SPINDLE MOTOR	ASSY	E-PRO	2000670	SPECIALTY TECH CORPORATION LIMITED	THAILAND	D0008584889	260610462		5/6/2026	YD49508	088-1QK303-01F	YELLOW BAG	HDPE(YELLOW)SIZE 30.5X66X0.075MM	KESTREL 3D	2	4500	PCS	5.5	24750	1732.5	26482.5	BT		*	RECEIVED AT PBASS COMPLETE	50000	30000	20000	ACTIVE
T2	71	DM	71DM	T271DM	SPINDLE MOTOR	ASSY	E-PRO	2000670	SPECIALTY TECH CORPORATION LIMITED	THAILAND	D0008584889	260610462		5/6/2026	YD49509	088-1OH303-01F	ORANGE BAG	HDPE(ORANGE)SIZE 30.5X66X0.075MM	LIGHTNING 1/2D	3	18000	PCS	5.5	99000	6930	105930	BT		*	RECEIVED AT PBASS COMPLETE	250000	71000	179000	ACTIVE
T2	71	DM	71DM	T271DM	SPINDLE MOTOR	ASSY	E-PRO	2000670	SPECIALTY TECH CORPORATION LIMITED	THAILAND	D0008584889	260610462		5/6/2026	YD49511	088-1A89303-01F	PLASTIC BAG	HDPE (30.5X33CMX0.075MM)(REV.A)	SUMMIT 10D	1	1400	PCS	3.45	4830	338.1	5168.1	BT		*	RECEIVED AT PBASS COMPLETE	7000	1400	5600	ACTIVE
T2	71	DM	71DM	T271DM	SPINDLE MOTOR	ASSY	E-PRO	2000670	SPECIALTY TECH CORPORATION LIMITED	THAILAND	D0008586323	260610566		8/6/2026	YD49321	S106-561	DENATURE CLEAN SOLUTIONS NO.9	A1-45-1C-1(15KGS/CAN)	Q65/12-00021	1	4	CAN	2000	8000	560	8560	BT		*	RECEIVED AT PBASS COMPLETE	9	4	5	ACTIVE
T2	71	DM	71DM	T271DM	SPINDLE MOTOR	ASSY	E-PRO	2000670	SPECIALTY TECH CORPORATION LIMITED	THAILAND	D0008586323	260610566		8/6/2026	YD49322	S106-561-H	DENATURE CLEAN SOLUTIONS NO.9	A1-45-1C-1(15KGS/CAN)	Q65/12-00021	1	2	CAN	2000	4000	280	4280	BT		*	RECEIVED AT PBASS COMPLETE	4	2	2	ACTIVE
T2	71	DM	71DM	T271DM	SPINDLE MOTOR	ASSY	E-PRO	2000670	SPECIALTY TECH CORPORATION LIMITED	THAILAND	D0008586327	260610565		8/6/2026	YD49319	S106-547-1	IPA	A1-916-1C(15.5KG/CAN)	Q64/08/00060	1	20	CAN	1750	35000	2450	37450	BT		*	RECEIVED AT PBASS COMPLETE	40	20	20	ACTIVE
T2	71	DM	71DM	T271DM	SPINDLE MOTOR	ASSY	E-PRO	2000670	SPECIALTY TECH CORPORATION LIMITED	THAILAND	D0008586327	260610565		8/6/2026	YD49320	S106-547-1H	IPA	A1-916-1C(15.5KG/CAN)	Q64/08/00060	1	10	CAN	1750	17500	1225	18725	BT		*	RECEIVED AT PBASS COMPLETE	20	10	10	ACTIVE
T2	71	DM	71DM	T271DM	SPINDLE MOTOR	ASSY	E-PRO	2000670	SPECIALTY TECH CORPORATION LIMITED	THAILAND	D0008587940	260610641		8/6/2026	YD49505	088-1TL303-03F	PLASTIC BAG	LDPE SIZE  40* 54 CM *0.075MM	DORADO 10D	4	6000	PCS	6.46	38760	2713.2	41473.2	BT		*	RECEIVED AT PBASS COMPLETE	60000	25200	34800	ACTIVE
T2	71	DM	71DM	T271DM	SPINDLE MOTOR	ASSY	E-PRO	2000670	SPECIALTY TECH CORPORATION LIMITED	THAILAND	D0008587940	260610641		8/6/2026	YD49507	088-1SV303-01F	PINK BAG	HDPE(PINK)SIZE 30.5X66X0.075MM	ROSEWOOD 2D	4	6000	PCS	5.5	33000	2310	35310	BT		*	RECEIVED AT PBASS COMPLETE	50000	24700	25300	ACTIVE
T2	71	DM	71DM	T271DM	SPINDLE MOTOR	ASSY	E-PRO	2000670	SPECIALTY TECH CORPORATION LIMITED	THAILAND	D0008587940	260610641		8/6/2026	YD49508	088-1QK303-01F	YELLOW BAG	HDPE(YELLOW)SIZE 30.5X66X0.075MM	KESTREL 3D	3	4500	PCS	5.5	24750	1732.5	26482.5	BT		*	RECEIVED AT PBASS COMPLETE	50000	30000	20000	ACTIVE
T2	71	DM	71DM	T271DM	SPINDLE MOTOR	ASSY	E-PRO	2000670	SPECIALTY TECH CORPORATION LIMITED	THAILAND	D0008587940	260610641		8/6/2026	YD49509	088-1OH303-01F	ORANGE BAG	HDPE(ORANGE)SIZE 30.5X66X0.075MM	LIGHTNING 1/2D	4	18000	PCS	5.5	99000	6930	105930	BT		*	RECEIVED AT PBASS COMPLETE	250000	71000	179000	ACTIVE
T2	71	DM	71DM	T271DM	SPINDLE MOTOR	ASSY	E-PRO	2000704	TECHCO (THAILAND) CO. LTD.	THAILAND	D0008587202	T038609		8/6/2026	YD49623	702A CF	IDEAL TEK CUTTING TWEEZER	702A	QUO.QSA2023/305	1	20	PCS	160	3200	224	3424	BT		*	RECEIVED AT PBASS COMPLETE	20	20	0	CLOSED
T2	71	DM	71DM	T271DM	SPINDLE MOTOR	ASSY	E-PRO	2000704	TECHCO (THAILAND) CO. LTD.	THAILAND	D0008587202	T038609		8/6/2026	YD50401	P-15A	TWEEZER	15A	QUO.SQA/02972	1	3	PCS	1850	5550	388.5	5938.5	BT		*	RECEIVED AT PBASS COMPLETE	3	3	0	CLOSED
T2	71	DM	71DM	T271DM	SPINDLE MOTOR	ASSY	E-PRO	2000994	KANSAI FELT (THAILAND) CO. LTD.	THAILAND	D0008582187	09469/26		4/6/2026	YD49782	1115-550-00010	SHIM	H-91017-50 COLOR:BLACK (NMB REV.C)	ROSEWOOD 1D LC	3	50000	PCS	0.439	21950	1536.5	23486.5	BT		*	RECEIVED AT PBASS COMPLETE	300000	300000	0	CLOSED
T2	71	DM	71DM	T271DM	SPINDLE MOTOR	ASSY	E-PRO	2000994	KANSAI FELT (THAILAND) CO. LTD.	THAILAND	D0008582187	09469/26		4/6/2026	YD49783	1118-550-00018	SHIM	(NMB REV.A)	DORADO 10D	3	1000000	PCS	0.331	331000	23170	354170	BT		*	RECEIVED AT PBASS COMPLETE	2800000	2500000	300000	ACTIVE
T2	71	DM	71DM	T271DM	SPINDLE MOTOR	ASSY	E-PRO	2000994	KANSAI FELT (THAILAND) CO. LTD.	THAILAND	D0008582187	09469/26		4/6/2026	YD50573	1115-550-00010	SHIM	H-91017-50 COLOR:BLACK (NMB REV.C)	ROSEWOOD 1D LC	1	200000	PCS	0.439	87800	6146	93946	BT		*	RECEIVED AT PBASS COMPLETE	400000	200000	200000	ACTIVE
T2	71	DM	71DM	T271DM	SPINDLE MOTOR	ASSY	E-PRO	2001457	THAI-INTER ELECTRIC INDUSTRIES CO. LTD.	THAILAND	D0008573681	IV9060015		1/6/2026	YE3588W	CT-100-3B	"BANDEXCABLE TIES 8"" BLACK"	QUO.QT0381396		1	20	PAK	49	980	68.6	1048.6	BT		*	RECEIVED AT PBASS COMPLETE	20	20	0	CLOSED
T2	71	DM	71DM	T271DM	SPINDLE MOTOR	ASSY	E-PRO	2001457	THAI-INTER ELECTRIC INDUSTRIES CO. LTD.	THAILAND	D0008578421	IV9060113		1/6/2026	YDD2765	BNJ26FWB	JUMPER	QT0411199/PONGTHORN		1	20	PCS	51.6	1032	72.24	1104.24	BT		*	RECEIVED AT PBASS COMPLETE	20	20	0	CLOSED
T2	71	DM	71DM	T271DM	SPINDLE MOTOR	ASSY	E-PRO	2001457	THAI-INTER ELECTRIC INDUSTRIES CO. LTD.	THAILAND	D0008578421	IV9060113		1/6/2026	YDD2766	CT-150-3B	CABLE TIES	QT0413676/PONGTHORN		1	10	PCS	41	410	28.7	438.7	BT		*	RECEIVED AT PBASS COMPLETE	10	10	0	CLOSED
T2	71	DM	71DM	T271DM	SPINDLE MOTOR	ASSY	E-PRO	2001457	THAI-INTER ELECTRIC INDUSTRIES CO. LTD.	THAILAND	D0008578421	IV9060113		1/6/2026	YDD2767	CT-100-2B	CABLE TIES	QT0413676/PONGTHORN		1	10	PCS	14	140	9.8	149.8	BT		*	RECEIVED AT PBASS COMPLETE	10	10	0	CLOSED
T2	71	DM	71DM	T271DM	SPINDLE MOTOR	ASSY	E-PRO	2001457	THAI-INTER ELECTRIC INDUSTRIES CO. LTD.	THAILAND	D0008578421	IV9060113		1/6/2026	YDD2768	CT-300B-7C	CABLE TIES	QT0413676/PONGTHORN		1	3	PCS	245	735	51.45	786.45	BT		*	RECEIVED AT PBASS COMPLETE	3	3	0	CLOSED
T2	71	DM	71DM	T271DM	SPINDLE MOTOR	ASSY	E-PRO	2001860	WINMAX MARKETING LTD. PARTNERSHIP	THAILAND	D0008577771	IV692927		4/6/2026	YE3591W		SPAIR PART FOR  AUTO PALLET MACH	QUO.0823/69		1	1	PCS	4600	4600	322	4922	BT		*	RECEIVED AT PBASS COMPLETE	1	1	0	CLOSED
T2	71	DM	71DM	T271DM	SPINDLE MOTOR	ASSY	E-PRO	2001860	WINMAX MARKETING LTD. PARTNERSHIP	THAILAND	D0008577777	IV692926		4/6/2026	YD50544	088-10300-120	TAPE	OPP TAPE	ALL MODEL	1	72	PCS	46	3312	231.84	3543.84	BT		*	RECEIVED AT PBASS COMPLETE	72	72	0	CLOSED
T2	71	DM	71DM	T271DM	SPINDLE MOTOR	ASSY	E-PRO	2002308	I.N.B.ENTERPRISE CO. LTD.	THAILAND	D0008584403	IV6901850		5/6/2026	YDD1993	LF6UU+60LP	BALL SPLINE	QT6901530/PDWR2603005	-	1	1	SET	2770	2770	193.9	2963.9	BT		*	RECEIVED AT PBASS COMPLETE	1	1	0	CLOSED
T2	71	DM	71DM	T271DM	SPINDLE MOTOR	ASSY	E-PRO	2002436	THAI HIBEX CO. LTD.	THAILAND	D0008584030	SIN261552		5/6/2026	YE3407W	TBN-GP100	NEW BATTERY PACK (NI-MH)	SQ261280		1	5	PCS	3000	15000	1050	16050	BT		*	RECEIVED AT PBASS COMPLETE	5	5	0	CLOSED
T2	71	DM	71DM	T271DM	SPINDLE MOTOR	ASSY	E-PRO	2002436	THAI HIBEX CO. LTD.	THAILAND	D0008584030	SIN261552		5/6/2026	YE3408W	HM-MH1100	BATTERY PACK	SQ261280		1	5	PCS	3200	16000	1120	17120	BT		*	RECEIVED AT PBASS COMPLETE	5	5	0	CLOSED
T2	71	DM	71DM	T271DM	SPINDLE MOTOR	ASSY	E-PRO	2002699	SANG CHAI METER CO. LTD.	THAILAND	D0008584851	CIS0001/1013		5/6/2026	YDD2770	PCT-426C-2P	COUNTER LCD 6DIGIT 100-240VAC 48	EQ2604200013/PEMM2605019		1	1	PCS	2200	2200	154	2354	BT		*	RECEIVED AT PBASS COMPLETE	1	1	0	CLOSED
T2	71	DM	71DM	T271DM	SPINDLE MOTOR	ASSY	E-PRO	2002699	SANG CHAI METER CO. LTD.	THAILAND	D0008584986	CIS0001/1013		5/6/2026	YDD2868	RT3SN-24V  AY32	UNIT RELAY 24VDC	QS0008/100006964/ PEMM2602004	C4400CIMBP4	1	10	PCS	2200	22000	1540	23540	BT		*	RECEIVED AT PBASS COMPLETE	10	10	0	CLOSED
T2	71	DM	71DM	T271DM	SPINDLE MOTOR	ASSY	E-PRO	2002699	SANG CHAI METER CO. LTD.	THAILAND	D0008585038	CIS0001/1013		5/6/2026	YDD2927	6400005186	PHOTOELECTRIC SENSOR EX-21B FRON	QS0008/100006919	D4561GENERI	1	2	PCS	1000	2000	140	2140	BT		*	RECEIVED AT PBASS COMPLETE	2	2	0	CLOSED
T2	71	DM	71DM	T271DM	SPINDLE MOTOR	ASSY	E-PRO	2002699	SANG CHAI METER CO. LTD.	THAILAND	D0008585041	CIS0001/1013		5/6/2026	YDD2926	6400015688	PHOTOELECTRIC SENSOR PM-F65 SMAL	QS0008/100006790	D4561GENERI	1	2	PCS	227	454	31.78	485.78	BT		*	RECEIVED AT PBASS COMPLETE	2	2	0	CLOSED
T2	71	DM	71DM	T271DM	SPINDLE MOTOR	ASSY	E-PRO	2002975	SAHAROONGROJ (THAILAND)CO. LTD	THAILAND	D0008578736	J690604-0028		4/6/2026	YD50939	900S-T-B	SOLDER TIP	900S-T-B	ALL MODEL	1	20	PCS	110	2200	154	2354	BT		*	RECEIVED AT PBASS COMPLETE	50	20	30	ACTIVE
T2	71	DM	71DM	T271DM	SPINDLE MOTOR	ASSY	E-PRO	2002975	SAHAROONGROJ (THAILAND)CO. LTD	THAILAND	D0008588960	J690608-0018		8/6/2026	YDD2921	GEM-14A001G	SOLDER POT 50X50MM.DURABLE TYPE	A1539	D4561GENERI	1	2	PCS	2116.13	4232.26	296.26	4528.52	BT		*	RECEIVED AT PBASS COMPLETE	2	2	0	CLOSED
T2	71	DM	71DM	T271DM	SPINDLE MOTOR	ASSY	E-PRO	2003070	BANGPA-IN GROUP CO. LTD.	THAILAND	D0008580627	65408		4/6/2026	YDD2807	23221	MOTOR AC FAN	023221/MMWR2605008		1	1	SET	5042	5042	352.94	5394.94	BT		*	RECEIVED AT PBASS COMPLETE	1	1	0	CLOSED
T2	71	DM	71DM	T271DM	SPINDLE MOTOR	ASSY	E-PRO	2003125	MODIC CO. LTD.	THAILAND	D0008576942	DS69060133		4/6/2026	YD50393	T-BRUSH	BRUSH	TOOTH BRUSH (LOLGATE)	NO.DELUXE PLUS	1	24	PCS	15	360	25.2	385.2	BT		*	RECEIVED AT PBASS COMPLETE	24	24	0	CLOSED
T2	71	DM	71DM	T271DM	SPINDLE MOTOR	ASSY	E-PRO	2003125	MODIC CO. LTD.	THAILAND	D0008577023	DS69060134		4/6/2026	YDD2222	357-3GT-12	TIMING BELT	QT-2565/2026/EAKKALAK	-	1	5	PCS	426.3	2131.5	149.21	2280.71	BT		*	RECEIVED AT PBASS COMPLETE	5	5	0	CLOSED
T2	71	DM	71DM	T271DM	SPINDLE MOTOR	ASSY	E-PRO	2003125	MODIC CO. LTD.	THAILAND	D0008577023	DS69060134		4/6/2026	YDD2660	N390CH-38E1A	YHYRISTOR	QT-0638/2026/MMWR2605004		1	2	PCS	4165	8330	583.1	8913.1	BT		*	RECEIVED AT PBASS COMPLETE	2	2	0	CLOSED
T2	71	DM	71DM	T271DM	SPINDLE MOTOR	ASSY	E-PRO	2003125	MODIC CO. LTD.	THAILAND	D0008577023	DS69060134		4/6/2026	YDD2661	S15VN	LINEAR GUIDE	QT-0586/2026/MMCR2604009		1	6	PCS	1014.3	6085.8	426.01	6511.81	BT		*	RECEIVED AT PBASS COMPLETE	6	6	0	CLOSED
T2	71	DM	71DM	T271DM	SPINDLE MOTOR	ASSY	E-PRO	2003125	MODIC CO. LTD.	THAILAND	D0008577023	DS69060134		4/6/2026	YDD2662	357-3GT-12	TIMING BELT	QT-0586/2026/MMCR2604009		1	3	PCS	426.3	1278.9	89.52	1368.42	BT		*	RECEIVED AT PBASS COMPLETE	3	3	0	CLOSED
T2	71	DM	71DM	T271DM	SPINDLE MOTOR	ASSY	E-PRO	2003125	MODIC CO. LTD.	THAILAND	D0008577023	DS69060134		4/6/2026	YDD2747	CANVAS SELECT P	MICRO SD CARD 256 GB	QT-0723/2026/YUYA		1	15	PCS	1546	23190	1623.3	24813.3	BT		*	RECEIVED AT PBASS COMPLETE	15	15	0	CLOSED
T2	71	DM	71DM	T271DM	SPINDLE MOTOR	ASSY	E-PRO	2003125	MODIC CO. LTD.	THAILAND	D0008584483	DS69060277		5/6/2026	YE3573W	SIZE: 9X14 INCH	PLASTIC BAG A4 ZIP	QUO.QT-06/2011		1	40	KGS	175	7000	490	7490	BT		*	RECEIVED AT PBASS COMPLETE	40	40	0	CLOSED
T2	71	DM	71DM	T271DM	SPINDLE MOTOR	ASSY	E-PRO	2003125	MODIC CO. LTD.	THAILAND	D0008584483	DS69060277		5/6/2026	YE3575W	"SIZE.8"""	SCISSORS(RHINO)	QUO.QT-1340/2023		1	3	PCS	360	1080	75.6	1155.6	BT		*	RECEIVED AT PBASS COMPLETE	3	3	0	CLOSED
T2	71	DM	71DM	T271DM	SPINDLE MOTOR	ASSY	E-PRO	2003125	MODIC CO. LTD.	THAILAND	D0008584483	DS69060277		5/6/2026	YE3576W		COTTON CLOTH BLACK	QUO.		1	50	MTR	100	5000	350	5350	BT		*	RECEIVED AT PBASS COMPLETE	50	50	0	CLOSED
T2	71	DM	71DM	T271DM	SPINDLE MOTOR	ASSY	E-PRO	2003125	MODIC CO. LTD.	THAILAND	D0008584483	DS69060277		5/6/2026	YE3577W		PLIERS CUT WIRE RED	QT-0217/2009		1	2	PCS	530	1060	74.2	1134.2	BT		*	RECEIVED AT PBASS COMPLETE	2	2	0	CLOSED
T2	71	DM	71DM	T271DM	SPINDLE MOTOR	ASSY	E-PRO	2003125	MODIC CO. LTD.	THAILAND	D0008588628	DS69060372		8/6/2026	YE3578W		PLIER CUT WIRE COLOR BLACK	QUO.		1	12	PCS	20	240	16.8	256.8	BT		*	RECEIVED AT PBASS COMPLETE	12	12	0	CLOSED
T2	71	DM	71DM	T271DM	SPINDLE MOTOR	ASSY	E-PRO	2003125	MODIC CO. LTD.	THAILAND	D0008588628	DS69060372		8/6/2026	YE3605W	NO.24V 2CHANEL	MODULE RELAY NO.24V 2CHANEL	QUO.QT-1571/2025	C4456GENERI	1	10	PCS	132.3	1323	92.61	1415.61	BT		*	RECEIVED AT PBASS COMPLETE	10	10	0	CLOSED
T2	71	DM	71DM	T271DM	SPINDLE MOTOR	ASSY	E-PRO	2003125	MODIC CO. LTD.	THAILAND	D0008588628	DS69060372		8/6/2026	YE3607W	NO.E2(190X150X8	STEEL BOX (BLACK)	QUO.QT-1783/2025	C4456GENERI	1	10	PCS	225.4	2254	157.78	2411.78	BT		*	RECEIVED AT PBASS COMPLETE	10	10	0	CLOSED
T2	71	DM	71DM	T271DM	SPINDLE MOTOR	ASSY	E-PRO	2003125	MODIC CO. LTD.	THAILAND	D0008588628	DS69060372		8/6/2026	YE3608W	NO.AM-K-M+F TYP	NO.AM-K-M+F TYPE K ANSI	QUO.QT1677/2025	C4456GENERI	1	10	PCS	1347.5	13475	943.25	14418.25	BT		*	RECEIVED AT PBASS COMPLETE	10	10	0	CLOSED
T2	71	DM	71DM	T271DM	SPINDLE MOTOR	ASSY	E-PRO	2003125	MODIC CO. LTD.	THAILAND	D0008588633	DS69060373		8/6/2026	YDD2924	SIZE 24MM.X20Y	DOUBLE SIDED TAPE	QT-0768/2023	D4561GENERI	1	10	PCS	50	500	35	535	BT		*	RECEIVED AT PBASS COMPLETE	10	10	0	CLOSED
T2	71	DM	71DM	T271DM	SPINDLE MOTOR	ASSY	E-PRO	2003369	EPE PACKAGING (THAILAND) CO. LTD	THAILAND	D0008584619	NIV26001721		5/6/2026	YD49523	088-ALL303-01F	SLEEVE BOX	(NMB REV.A)	ALL MODEL	1	20	PCS	154.18	3083.6	215.85	3299.45	BT		*	RECEIVED AT PBASS COMPLETE	100	20	80	ACTIVE
T2	71	DM	71DM	T271DM	SPINDLE MOTOR	ASSY	E-PRO	2003369	EPE PACKAGING (THAILAND) CO. LTD	THAILAND	D0008584619	NIV26001721		5/6/2026	YD49524	088-1AH306-01F	COVER	TOP/BOTTOM	DORADO 10D	1	40	PCS	76.07	3042.8	213	3255.8	BT		*	RECEIVED AT PBASS COMPLETE	200	40	160	ACTIVE
T2	71	DM	71DM	T271DM	SPINDLE MOTOR	ASSY	E-PRO	2003369	EPE PACKAGING (THAILAND) CO. LTD	THAILAND	D0008584619	NIV26001721		5/6/2026	YD49525	088-1DB321-01F	PAPER BOX	NMB REV.A	DORADO 10D	1	570	PCS	37.59	21426.3	1499.84	22926.14	BT		*	RECEIVED AT PBASS COMPLETE	2850	570	2280	ACTIVE
T2	71	DM	71DM	T271DM	SPINDLE MOTOR	ASSY	E-PRO	2003369	EPE PACKAGING (THAILAND) CO. LTD	THAILAND	D0008584619	NIV26001721		5/6/2026	YD49526	088-1DB320-01F	COVER PAD	NMB REV.A	DORADO 10D	1	100	PCS	14.87	1487	104.09	1591.09	BT		*	RECEIVED AT PBASS COMPLETE	500	100	400	ACTIVE
T2	71	DM	71DM	T271DM	SPINDLE MOTOR	ASSY	E-PRO	2003369	EPE PACKAGING (THAILAND) CO. LTD	THAILAND	D0008584619	NIV26001721		5/6/2026	YD49533	088-1DB322-01F	BOTTOM PAD	NMB REV.A	DORADO 10D	1	40	PCS	18.7	748	52.36	800.36	BT		*	RECEIVED AT PBASS COMPLETE	200	40	160	ACTIVE
T2	71	DM	71DM	T271DM	SPINDLE MOTOR	ASSY	E-PRO	2003881	SRISUPARUEK INDUSTRY CO. LTD.	THAILAND	D0008584680	C69060294		5/6/2026	YE3587W	NO.MO-MB-08-028	TRAY 48D20-A (YELLOW)	QUO.6309221		1	100	PCS	400	40000	2800	42800	BT		*	RECEIVED AT PBASS COMPLETE	100	100	0	CLOSED
T2	71	DM	71DM	T271DM	SPINDLE MOTOR	ASSY	E-PRO	2003881	SRISUPARUEK INDUSTRY CO. LTD.	THAILAND	D0008584685	C69060296		5/6/2026	YE3011W	DR-MB-12-051	TRAY BASE 3.5 FOR WASHING SHINS	QUO.67090055(PA66)	A4476GENERI	1	432	PCS	360	155520	10886.4	166406.4	BT		*	RECEIVED AT PBASS COMPLETE	432	432	0	CLOSED
T2	71	DM	71DM	T271DM	SPINDLE MOTOR	ASSY	E-PRO	2003881	SRISUPARUEK INDUSTRY CO. LTD.	THAILAND	D0008584688	C69060297		5/6/2026	YE3019W	NO.NMB1114-001B	HUB 3.5 TRAY 48 PCS(YELLOW)	QUO.6303082	A4478GENERI	1	400	PCS	420	168000	11760	179760	BT		*	RECEIVED AT PBASS COMPLETE	400	400	0	CLOSED
T2	71	DM	71DM	T271DM	SPINDLE MOTOR	ASSY	E-PRO	2003881	SRISUPARUEK INDUSTRY CO. LTD.	THAILAND	D0008584696	C69060295		5/6/2026	YE2953W	PPS-G40	HUB3.5 TRAY 48 PCS	QUO.68030051 REV.1	NO.NMB1114-001B	1	25	PCS	830	20750	1452.5	22202.5	BT		*	RECEIVED AT PBASS COMPLETE	25	25	0	CLOSED
T2	71	DM	71DM	T271DM	SPINDLE MOTOR	ASSY	E-PRO	2003938	RINTHONG TRADING LTD. PART.	THAILAND	D0008572960	10692		4/6/2026	YD50443	P-ORING30	ORING	30CC	ALL MODEL	1	50	PCS	11	550	38.5	588.5	BT		*	RECEIVED AT PBASS COMPLETE	50	50	0	CLOSED
T2	71	DM	71DM	T271DM	SPINDLE MOTOR	ASSY	E-PRO	2003938	RINTHONG TRADING LTD. PART.	THAILAND	D0008574682	10754		4/6/2026	YDD2922	GEM-05Z001G	HEAT TAPE	973UL	D4561GENERI	1	4	PCS	700	2800	196	2996	BT		*	RECEIVED AT PBASS COMPLETE	4	4	0	CLOSED
T2	71	DM	71DM	T271DM	SPINDLE MOTOR	ASSY	E-PRO	2004257	TRISAK AUTOMATION CO. LTD.	THAILAND	D0008577999	A126060274		4/6/2026	YDD2778	G6D-4-SB	SHORT BARS	SQ-126051843/PEMM2605026		1	16	PCS	24	384	26.88	410.88	BT		*	RECEIVED AT PBASS COMPLETE	16	16	0	CLOSED
T2	71	DM	71DM	T271DM	SPINDLE MOTOR	ASSY	E-PRO	2004257	TRISAK AUTOMATION CO. LTD.	THAILAND	D0008577999	A126060274		4/6/2026	YDD2779	G6D-F4B DC24	TERMINAL RELAY	SQ-126051843/PEMM2605026		1	8	PCS	1000	8000	560	8560	BT		*	RECEIVED AT PBASS COMPLETE	8	8	0	CLOSED
T2	71	DM	71DM	T271DM	SPINDLE MOTOR	ASSY	E-PRO	2004290	MERCK LTD.	THAILAND	D0008579038	921362	1	4/6/2026	YD49265	S106-546	ACETONE	AR-GRADE (2.5 LTR)	-	1	1	BTL	830	830	58.1	888.1	BT		*	RECEIVED AT PBASS COMPLETE	1	1	0	CLOSED
T2	71	DM	71DM	T271DM	SPINDLE MOTOR	ASSY	E-PRO	2004290	MERCK LTD.	THAILAND	D0008579055	921363	1	4/6/2026	YD49273	S106-546-H	ACETONE	AR-GRADE (2.5 LTR)	-	1	1	BTL	830	830	58.1	888.1	BT		*	RECEIVED AT PBASS COMPLETE	1	1	0	CLOSED
T2	71	DM	71DM	T271DM	SPINDLE MOTOR	ASSY	E-PRO	2004290	MERCK LTD.	THAILAND	D0008579064	921369	1	4/6/2026	YD49281	S106-552	IPA(2-PROPANOL ANALYSIS	2.5L/BTL (109634.2500)GR GRADE		1	1	BTL	960	960	67.2	1027.2	BT		*	RECEIVED AT PBASS COMPLETE	1	1	0	CLOSED
T2	71	DM	71DM	T271DM	SPINDLE MOTOR	ASSY	E-PRO	2004290	MERCK LTD.	THAILAND	D0008579316	921487	1	4/6/2026	YD49289	S106-553	DICHLOROMETHANE	HPLC GRADE 2.5 LTR	QUO.1563615	1	1	BTL	3440	3440	240.8	3680.8	BT		*	RECEIVED AT PBASS COMPLETE	1	1	0	CLOSED
T2	71	DM	71DM	T271DM	SPINDLE MOTOR	ASSY	E-PRO	2004307	THAI SPECIAL GAS CO. LTD.	THAILAND	D0008587190	HQ-IV2606-L0		4/6/2026	YE3622W	FOR JUN 26	LIQUID NITROGEN GAS M3	PURITY 99.999%	-	1	2004	M3	6.3	12625.2	883.76	13508.96	BT		*	RECEIVED AT PBASS COMPLETE	2004	2004	0	CLOSED
T2	71	DM	71DM	T271DM	SPINDLE MOTOR	ASSY	E-PRO	2004307	THAI SPECIAL GAS CO. LTD.	THAILAND	D0008587413	HQ-IV2606-L0		5/6/2026	YE3468W	FOR JUN 26	RENTAL FOR TANK ARGON	TANK CAPACITY 3 000 LITRES	-	1	1	TAK	6000	6000	420	6420	BT		*	RECEIVED AT PBASS COMPLETE	1	1	0	CLOSED
T2	71	DM	71DM	T271DM	SPINDLE MOTOR	ASSY	E-PRO	2004307	THAI SPECIAL GAS CO. LTD.	THAILAND	D0008587415	HQ-IV2606-L0		5/6/2026	YE3469W	FOR JUN 26	RENTAL FOR TANK NITROGEN	TANK CAPACITY 5 000 LITRES	-	1	1	TAK	8000	8000	560	8560	BT		*	RECEIVED AT PBASS COMPLETE	1	1	0	CLOSED
T2	71	DM	71DM	T271DM	SPINDLE MOTOR	ASSY	E-PRO	2004559	COAX GROUP CORPORATION LTD.	THAILAND	D0008584743	E23850		5/6/2026	YE2218W	DNE411	FORCED CONVECTION OVENS	QAI-ADW028/68	C4397GENERI	1	1	UNT	164000	164000	11480	175480	BT		*	RECEIVED AT PBASS COMPLETE	1	1	0	CLOSED
T2	71	DM	71DM	T271DM	SPINDLE MOTOR	ASSY	E-PRO	2004872	MATERIAL EXPERTISE CO. LTD.	THAILAND	D0008578218	511-25600		4/6/2026	YD49624	P-707-1-H	TWEEZER CONDUCTIVE NO.7	FD-011	ALL MODEL	1	30	PCS	90	2700	189	2889	BT		*	RECEIVED AT PBASS COMPLETE	30	30	0	CLOSED
T2	71	DM	71DM	T271DM	SPINDLE MOTOR	ASSY	E-PRO	2004954	WELL GROW TECHNOLOGY CO. LTD.	THAILAND	D0008576386	I69/0391		2/6/2026	YD49625	D18G15	NEEDLE	DISPOSIBLE NEEDLE PINK (R/W)	ALL MODEL	1	500	PCS	1	500	35	535	BT		*	RECEIVED AT PBASS COMPLETE	500	500	0	CLOSED
T2	71	DM	71DM	T271DM	SPINDLE MOTOR	ASSY	E-PRO	2004954	WELL GROW TECHNOLOGY CO. LTD.	THAILAND	D0008576386	I69/0391		2/6/2026	YD49626	D18G15-H	NEEDLE	DISPOSIBLE NEEDLE PINK (R/W)	ALL MODEL	1	500	PCS	1	500	35	535	BT		*	RECEIVED AT PBASS COMPLETE	500	500	0	CLOSED
T2	71	DM	71DM	T271DM	SPINDLE MOTOR	ASSY	E-PRO	2005607	MISUMI (THAILAND) CO. LTD.	THAILAND	D0008576308	LN6028578600		4/6/2026	YDD2395	C-UTE-25A	AUTOMATION VALVE	FA112BG634/MMF22602001		1	1	PCS	4744.5	4744.5	332.12	5076.62	BT		*	RECEIVED AT PBASS COMPLETE	1	1	0	CLOSED
T2	71	DM	71DM	T271DM	SPINDLE MOTOR	ASSY	E-PRO	2005607	MISUMI (THAILAND) CO. LTD.	THAILAND	D0008576313	LN6029140400		4/6/2026	YDD2423	CLMS5-25-M	CLAMP LEVERS	FA112BE681/MMWR2604012		1	20	PCS	340.54	6810.8	476.76	7287.56	BT		*	RECEIVED AT PBASS COMPLETE	20	20	0	CLOSED
T2	71	DM	71DM	T271DM	SPINDLE MOTOR	ASSY	E-PRO	2005607	MISUMI (THAILAND) CO. LTD.	THAILAND	D0008576324	LN6029281400		4/6/2026	YDD2434	SV2R33-220	LINEAR GUIDE	FA112C1EFA/MMF22603001		1	1	PCS	1483.29	1483.29	103.83	1587.12	BT		*	RECEIVED AT PBASS COMPLETE	1	1	0	CLOSED
T2	71	DM	71DM	T271DM	SPINDLE MOTOR	ASSY	E-PRO	2005607	MISUMI (THAILAND) CO. LTD.	THAILAND	D0008576324	LN6029281400		4/6/2026	YDD2436	HTUN345S3M-100	POLY-URETHANE BELT	FA112C1EFA/MMF22603001		1	1	PCS	133.04	133.04	9.31	142.35	BT		*	RECEIVED AT PBASS COMPLETE	1	1	0	CLOSED
T2	71	DM	71DM	T271DM	SPINDLE MOTOR	ASSY	E-PRO	2005607	MISUMI (THAILAND) CO. LTD.	THAILAND	D0008576324	LN6029281400		4/6/2026	YDD2437	SBHC-10	HAND TOOLS	FA112C13FD/PEMM2604032		1	1	PCS	2420.54	2420.54	169.44	2589.98	BT		*	RECEIVED AT PBASS COMPLETE	1	1	0	CLOSED
T2	71	DM	71DM	T271DM	SPINDLE MOTOR	ASSY	E-PRO	2005607	MISUMI (THAILAND) CO. LTD.	THAILAND	D0008576330	LN6029628700		4/6/2026	YDD2465	STPSP-D1.1-L10	LOCATING PIN	FA112C22F5/MMWD2602002		1	10	PCS	350.43	3504.3	245.3	3749.6	BT		*	RECEIVED AT PBASS COMPLETE	10	10	0	CLOSED
T2	71	DM	71DM	T271DM	SPINDLE MOTOR	ASSY	E-PRO	2005607	MISUMI (THAILAND) CO. LTD.	THAILAND	D0008576358	LN6030791700		4/6/2026	YDD2593	37104-3122-000F	CONNECTOR	FA1129CE6G/MMCR2601009		1	5	PAK	361.73	1808.65	126.61	1935.26	BT		*	RECEIVED AT PBASS COMPLETE	5	5	0	CLOSED
T2	71	DM	71DM	T271DM	SPINDLE MOTOR	ASSY	E-PRO	2005607	MISUMI (THAILAND) CO. LTD.	THAILAND	D0008576358	LN6030791700		4/6/2026	YDD2594	URFH-D6-V0-T5	SOFT URETHANE	FA1129CE6G/MMCR2601009		1	5	PCS	82.63	413.15	28.92	442.07	BT		*	RECEIVED AT PBASS COMPLETE	5	5	0	CLOSED
T2	71	DM	71DM	T271DM	SPINDLE MOTOR	ASSY	E-PRO	2005607	MISUMI (THAILAND) CO. LTD.	THAILAND	D0008576358	LN6030791700		4/6/2026	YDD2595	MSH3-10	PARALLEL PIN	FA1129CE6G/MMCR2601009		1	5	PCS	25.99	129.95	9.1	139.05	BT		*	RECEIVED AT PBASS COMPLETE	5	5	0	CLOSED
T2	71	DM	71DM	T271DM	SPINDLE MOTOR	ASSY	E-PRO	2005607	MISUMI (THAILAND) CO. LTD.	THAILAND	D0008576370	LN6031266600		4/6/2026	YDD2665	PACK10-CIMRS6-9	SHIMS	FA112C49B6/PEMM2605011		1	1	PAK	97.65	97.65	6.84	104.49	BT		*	RECEIVED AT PBASS COMPLETE	1	1	0	CLOSED
T2	71	DM	71DM	T271DM	SPINDLE MOTOR	ASSY	E-PRO	2005607	MISUMI (THAILAND) CO. LTD.	THAILAND	D0008576385	LN6031267700		4/6/2026	YDD2654	SSFJZ12-115-M4-	LINEAR SHAFT	FA112BG3GG/MMWR2604020	C4509MARL10	1	20	PCS	283.53	5670.6	396.94	6067.54	BT		*	RECEIVED AT PBASS COMPLETE	20	20	0	CLOSED
T2	71	DM	71DM	T271DM	SPINDLE MOTOR	ASSY	E-PRO	2005607	MISUMI (THAILAND) CO. LTD.	THAILAND	D0008576395	LN6031353700		4/6/2026	YDD2697	GEM-19Z003	URETHANE SHEET	UTSLL5-300-300	D4519GENERI	1	20	PCS	1640.79	32815.8	2297.11	35112.91	BT		*	RECEIVED AT PBASS COMPLETE	20	20	0	CLOSED
T2	71	DM	71DM	T271DM	SPINDLE MOTOR	ASSY	E-PRO	2005607	MISUMI (THAILAND) CO. LTD.	THAILAND	D0008576448	LN6033507400		4/6/2026	YDD2762	FT3-NC	CABLE ACCESSARY CABLE TIE	FA112C79A8/PONGTHORN		1	1	PCS	1339.49	1339.49	93.76	1433.25	BT		*	RECEIVED AT PBASS COMPLETE	1	1	0	CLOSED
T2	71	DM	71DM	T271DM	SPINDLE MOTOR	ASSY	E-PRO	2005607	MISUMI (THAILAND) CO. LTD.	THAILAND	D0008576448	LN6033507400		4/6/2026	YDD2763	EA-HFCN5PACK	ACCESSORIES FOR ALUMINUM FRAME	FA112C79A8/PONGTHORN		1	1	PAK	682	682	47.74	729.74	BT		*	RECEIVED AT PBASS COMPLETE	1	1	0	CLOSED
T2	71	DM	71DM	T271DM	SPINDLE MOTOR	ASSY	E-PRO	2005607	MISUMI (THAILAND) CO. LTD.	THAILAND	D0008576465	LN6034049300		4/6/2026	YDD2741	FRNW40-250	VACUUM COMPONENT	FA112C81E7/PDFN2603204 5 6 7	C4493GENERI	1	4	PCS	4265.35	17061.4	1194.3	18255.7	BT		*	RECEIVED AT PBASS COMPLETE	4	4	0	CLOSED
T2	71	DM	71DM	T271DM	SPINDLE MOTOR	ASSY	E-PRO	2005607	MISUMI (THAILAND) CO. LTD.	THAILAND	D0008576465	LN6034049300		4/6/2026	YDD2742	SC21-750E	POWER SUPPLY TRANSFORMER	FA112C72E7/PDFN2603204 5 6 7	C4493GENERI	2	1	PCS	5660.61	5660.61	396.24	6056.85	BT		*	RECEIVED AT PBASS COMPLETE	2	2	0	CLOSED
T2	71	DM	71DM	T271DM	SPINDLE MOTOR	ASSY	E-PRO	2005607	MISUMI (THAILAND) CO. LTD.	THAILAND	D0008576479	LN6034050200		4/6/2026	YDD1961	LS-T4052FX	CHS X STAGES	FA112B43F8/QC2510-021	C4511ROSE2D	1	2	PCS	9018.08	18036.16	1262.53	19298.69	BT		*	RECEIVED AT PBASS COMPLETE	2	2	0	CLOSED
T2	71	DM	71DM	T271DM	SPINDLE MOTOR	ASSY	E-PRO	2005607	MISUMI (THAILAND) CO. LTD.	THAILAND	D0008581465	LN6033475700		5/6/2026	YE3520W	1513012	SOLDER SUCKER	FA112C9DEA		1	2	PCS	897.78	1795.56	125.69	1921.25	BT		*	RECEIVED AT PBASS COMPLETE	2	2	0	CLOSED
T2	71	DM	71DM	T271DM	SPINDLE MOTOR	ASSY	E-PRO	2005607	MISUMI (THAILAND) CO. LTD.	THAILAND	D0008581479	LN6035710900		5/6/2026	YDD2953	NLDF5	NORD LOCK(MISUMI)	FA112CCEC8/PEMM2605045		1	4	PCS	83.13	332.52	23.28	355.8	BT		*	RECEIVED AT PBASS COMPLETE	4	4	0	CLOSED
T2	71	DM	71DM	T271DM	SPINDLE MOTOR	ASSY	E-PRO	2005607	MISUMI (THAILAND) CO. LTD.	THAILAND	D0008581484	LN6035712000		5/6/2026	YDD2944	SUTNPR20A-125	SCREWED STEEL PIPE FITTING	FA112C8ACD/PDFN2603204 5 6 7		1	1	PCS	137.59	137.59	9.63	147.22	BT		*	RECEIVED AT PBASS COMPLETE	1	1	0	CLOSED
T2	71	DM	71DM	T271DM	SPINDLE MOTOR	ASSY	E-PRO	2005607	MISUMI (THAILAND) CO. LTD.	THAILAND	D0008581484	LN6035712000		5/6/2026	YDD2945	SUTNPR20A-75	SCREWED STEEL PIPE FITTING	FA112C8ACD/PDFN2603204 5 6 7		1	1	PCS	87.59	87.59	6.13	93.72	BT		*	RECEIVED AT PBASS COMPLETE	1	1	0	CLOSED
T2	71	DM	71DM	T271DM	SPINDLE MOTOR	ASSY	E-PRO	2005607	MISUMI (THAILAND) CO. LTD.	THAILAND	D0008588249	LN6036152300		8/6/2026	YDD2435	BSSE1505-160-NC	BALL SCREW	FA112C1EFA/MMF22603001		1	1	PCS	8998.45	8998.45	629.89	9628.34	BT		*	RECEIVED AT PBASS COMPLETE	1	1	0	CLOSED
T2	71	DM	71DM	T271DM	SPINDLE MOTOR	ASSY	E-PRO	2006321	KONIX (THAILAND) CO.  LTD.	THAILAND	D0008584663	326060004		5/6/2026	YE3431W		TOOLING (LOADING GUIDE)	QUO.KT/TF/M03/26/003		1	1	SET	23000	23000	1610	24610	BT		*	RECEIVED AT PBASS COMPLETE	1	1	0	CLOSED
T2	71	DM	71DM	T271DM	SPINDLE MOTOR	ASSY	E-PRO	2006321	KONIX (THAILAND) CO.  LTD.	THAILAND	D0008584670	126060094		5/6/2026	YD50698	11B2-889-00004	PACKING TRAYS	TOP D701805600(NMB REV.A)	SKYBOLT 3 4D	1	600	PCS	12.3	7380	516.6	7896.6	BT		*	RECEIVED AT PBASS COMPLETE	4200	600	3600	ACTIVE
T2	71	DM	71DM	T271DM	SPINDLE MOTOR	ASSY	E-PRO	2006321	KONIX (THAILAND) CO.  LTD.	THAILAND	D0008584670	126060094		5/6/2026	YD50703	11B2-889-00003	PACKING TRAYS	BOTTOM D701805500 (NMB REV.A)	SKYBOLT 3 4D	1	600	PCS	12.3	7380	516.6	7896.6	BT		*	RECEIVED AT PBASS COMPLETE	4200	600	3600	ACTIVE
T2	71	DM	71DM	T271DM	SPINDLE MOTOR	ASSY	E-PRO	2006321	KONIX (THAILAND) CO.  LTD.	THAILAND	D0008584670	126060094		5/6/2026	YD50718	11B6-889-00003	PACKING TRAYS	TOP	SKYBOLT 1 2DSTT	1	300	PCS	12.8	3840	268.8	4108.8	BT		*	RECEIVED AT PBASS COMPLETE	3600	300	3300	ACTIVE
T2	71	DM	71DM	T271DM	SPINDLE MOTOR	ASSY	E-PRO	2006321	KONIX (THAILAND) CO.  LTD.	THAILAND	D0008584670	126060094		5/6/2026	YD50723	11B6-888-00002	PACKING TRAYS	BOTTOM	SKYBOLT 1 2DSTT	1	300	PCS	12.8	3840	268.8	4108.8	BT		*	RECEIVED AT PBASS COMPLETE	3600	300	3300	ACTIVE
T2	71	DM	71DM	T271DM	SPINDLE MOTOR	ASSY	E-PRO	2006321	KONIX (THAILAND) CO.  LTD.	THAILAND	D0008584682	126060095		5/6/2026	YE3430W	STAT-RITE S682	LOADING GUIDE	QUO.KT/TF/M03/26/003		1	200	PCS	183.75	36750	2572.5	39322.5	BT		*	RECEIVED AT PBASS COMPLETE	200	200	0	CLOSED
T2	71	DM	71DM	T271DM	SPINDLE MOTOR	ASSY	E-PRO	2006464	WING FUNG ADHESIVE MANUFACTURING(THAILAND)CO. LTD.	THAILAND	D0008580638	IV69-05495		4/6/2026	YD51021	088-ALL30301FRH	USED SLEEVE BOX	(NMB REV.A)	ALL MODEL	1	30	PCS	27.6	828	57.96	885.96	BT		*	RECEIVED AT PBASS COMPLETE	1500	230	1270	ACTIVE
T2	71	DM	71DM	T271DM	SPINDLE MOTOR	ASSY	E-PRO	2006464	WING FUNG ADHESIVE MANUFACTURING(THAILAND)CO. LTD.	THAILAND	D0008580638	IV69-05495		4/6/2026	YD51022	088-1AH30601FRH	USED COVER	TOP/BOTTOM		1	50	PCS	13.72	686	48.02	734.02	BT		*	RECEIVED AT PBASS COMPLETE	4000	530	3470	ACTIVE
T2	71	DM	71DM	T271DM	SPINDLE MOTOR	ASSY	E-PRO	2006464	WING FUNG ADHESIVE MANUFACTURING(THAILAND)CO. LTD.	THAILAND	D0008580638	IV69-05495		4/6/2026	YD51023	088-1DB32101FRH	USED PAPER BOX	-	EAGLE FCC 2 3D	1	1200	PCS	6.86	8232	576.24	8808.24	BT		*	RECEIVED AT PBASS COMPLETE	35000	7200	27800	ACTIVE
T2	71	DM	71DM	T271DM	SPINDLE MOTOR	ASSY	E-PRO	2006464	WING FUNG ADHESIVE MANUFACTURING(THAILAND)CO. LTD.	THAILAND	D0008580638	IV69-05495		4/6/2026	YD51024	088-1DB32001FRH	USED COVER PAD	-	EAGLE FCC 2 3D	1	200	PCS	1.8	360	25.2	385.2	BT		*	RECEIVED AT PBASS COMPLETE	8000	900	7100	ACTIVE
T2	71	DM	71DM	T271DM	SPINDLE MOTOR	ASSY	E-PRO	2006464	WING FUNG ADHESIVE MANUFACTURING(THAILAND)CO. LTD.	THAILAND	D0008580638	IV69-05495		4/6/2026	YD51025	088-1DB32201FRH	USED BOTTOM PAD	-	EAGLE 2D/3D	1	100	PCS	2.42	242	16.94	258.94	BT		*	RECEIVED AT PBASS COMPLETE	5000	650	4350	ACTIVE
T2	71	DM	71DM	T271DM	SPINDLE MOTOR	ASSY	E-PRO	2006464	WING FUNG ADHESIVE MANUFACTURING(THAILAND)CO. LTD.	THAILAND	D0008580638	IV69-05495		4/6/2026	YD51028	088-10315-07FRH	USED PALLET G	LUMBER (NMB REV.B)	EAGLE 2D/3D	1	1	PCS	48	48	3.36	51.36	BT		*	RECEIVED AT PBASS COMPLETE	1500	211	1289	ACTIVE
T2	71	DM	71DM	T271DM	SPINDLE MOTOR	ASSY	E-PRO	2006464	WING FUNG ADHESIVE MANUFACTURING(THAILAND)CO. LTD.	THAILAND	D0008580648	IV69-05496		4/6/2026	YD51021	088-ALL30301FRH	USED SLEEVE BOX	(NMB REV.A)	ALL MODEL	2	50	PCS	27.6	1380	96.6	1476.6	BT		*	RECEIVED AT PBASS COMPLETE	1500	230	1270	ACTIVE
T2	71	DM	71DM	T271DM	SPINDLE MOTOR	ASSY	E-PRO	2006464	WING FUNG ADHESIVE MANUFACTURING(THAILAND)CO. LTD.	THAILAND	D0008580648	IV69-05496		4/6/2026	YD51022	088-1AH30601FRH	USED COVER	TOP/BOTTOM		2	60	PCS	13.72	823.2	57.62	880.82	BT		*	RECEIVED AT PBASS COMPLETE	4000	530	3470	ACTIVE
T2	71	DM	71DM	T271DM	SPINDLE MOTOR	ASSY	E-PRO	2006464	WING FUNG ADHESIVE MANUFACTURING(THAILAND)CO. LTD.	THAILAND	D0008580648	IV69-05496		4/6/2026	YD51023	088-1DB32101FRH	USED PAPER BOX	-	EAGLE FCC 2 3D	2	1800	PCS	6.86	12348	864.36	13212.36	BT		*	RECEIVED AT PBASS COMPLETE	35000	7200	27800	ACTIVE
T2	71	DM	71DM	T271DM	SPINDLE MOTOR	ASSY	E-PRO	2006464	WING FUNG ADHESIVE MANUFACTURING(THAILAND)CO. LTD.	THAILAND	D0008580648	IV69-05496		4/6/2026	YD51024	088-1DB32001FRH	USED COVER PAD	-	EAGLE FCC 2 3D	2	100	PCS	1.8	180	12.6	192.6	BT		*	RECEIVED AT PBASS COMPLETE	8000	900	7100	ACTIVE
T2	71	DM	71DM	T271DM	SPINDLE MOTOR	ASSY	E-PRO	2006464	WING FUNG ADHESIVE MANUFACTURING(THAILAND)CO. LTD.	THAILAND	D0008580648	IV69-05496		4/6/2026	YD51025	088-1DB32201FRH	USED BOTTOM PAD	-	EAGLE 2D/3D	2	100	PCS	2.42	242	16.94	258.94	BT		*	RECEIVED AT PBASS COMPLETE	5000	650	4350	ACTIVE
T2	71	DM	71DM	T271DM	SPINDLE MOTOR	ASSY	E-PRO	2006464	WING FUNG ADHESIVE MANUFACTURING(THAILAND)CO. LTD.	THAILAND	D0008580648	IV69-05496		4/6/2026	YD51028	088-10315-07FRH	USED PALLET G	LUMBER (NMB REV.B)	EAGLE 2D/3D	2	1	PCS	48	48	3.36	51.36	BT		*	RECEIVED AT PBASS COMPLETE	1500	211	1289	ACTIVE
T2	71	DM	71DM	T271DM	SPINDLE MOTOR	ASSY	E-PRO	2006464	WING FUNG ADHESIVE MANUFACTURING(THAILAND)CO. LTD.	THAILAND	D0008585235	IV69-05574		5/6/2026	YD51021	088-ALL30301FRH	USED SLEEVE BOX	(NMB REV.A)	ALL MODEL	3	50	PCS	27.6	1380	96.6	1476.6	BT		*	RECEIVED AT PBASS COMPLETE	1500	230	1270	ACTIVE
T2	71	DM	71DM	T271DM	SPINDLE MOTOR	ASSY	E-PRO	2006464	WING FUNG ADHESIVE MANUFACTURING(THAILAND)CO. LTD.	THAILAND	D0008585235	IV69-05574		5/6/2026	YD51022	088-1AH30601FRH	USED COVER	TOP/BOTTOM		3	120	PCS	13.72	1646.4	115.25	1761.65	BT		*	RECEIVED AT PBASS COMPLETE	4000	530	3470	ACTIVE
T2	71	DM	71DM	T271DM	SPINDLE MOTOR	ASSY	E-PRO	2006464	WING FUNG ADHESIVE MANUFACTURING(THAILAND)CO. LTD.	THAILAND	D0008585235	IV69-05574		5/6/2026	YD51023	088-1DB32101FRH	USED PAPER BOX	-	EAGLE FCC 2 3D	3	1200	PCS	6.86	8232	576.24	8808.24	BT		*	RECEIVED AT PBASS COMPLETE	35000	7200	27800	ACTIVE
T2	71	DM	71DM	T271DM	SPINDLE MOTOR	ASSY	E-PRO	2006464	WING FUNG ADHESIVE MANUFACTURING(THAILAND)CO. LTD.	THAILAND	D0008585235	IV69-05574		5/6/2026	YD51024	088-1DB32001FRH	USED COVER PAD	-	EAGLE FCC 2 3D	3	200	PCS	1.8	360	25.2	385.2	BT		*	RECEIVED AT PBASS COMPLETE	8000	900	7100	ACTIVE
T2	71	DM	71DM	T271DM	SPINDLE MOTOR	ASSY	E-PRO	2006464	WING FUNG ADHESIVE MANUFACTURING(THAILAND)CO. LTD.	THAILAND	D0008585235	IV69-05574		5/6/2026	YD51025	088-1DB32201FRH	USED BOTTOM PAD	-	EAGLE 2D/3D	3	150	PCS	2.42	363	25.41	388.41	BT		*	RECEIVED AT PBASS COMPLETE	5000	650	4350	ACTIVE
T2	71	DM	71DM	T271DM	SPINDLE MOTOR	ASSY	E-PRO	2006464	WING FUNG ADHESIVE MANUFACTURING(THAILAND)CO. LTD.	THAILAND	D0008585235	IV69-05574		5/6/2026	YD51028	088-10315-07FRH	USED PALLET G	LUMBER (NMB REV.B)	EAGLE 2D/3D	3	205	PCS	48	9840	688.8	10528.8	BT		*	RECEIVED AT PBASS COMPLETE	1500	211	1289	ACTIVE
T2	71	DM	71DM	T271DM	SPINDLE MOTOR	ASSY	E-PRO	2006464	WING FUNG ADHESIVE MANUFACTURING(THAILAND)CO. LTD.	THAILAND	D0008587929	IV69-05605		6/6/2026	YD51021	088-ALL30301FRH	USED SLEEVE BOX	(NMB REV.A)	ALL MODEL	4	50	PCS	27.6	1380	96.6	1476.6	BT		*	RECEIVED AT PBASS COMPLETE	1500	230	1270	ACTIVE
T2	71	DM	71DM	T271DM	SPINDLE MOTOR	ASSY	E-PRO	2006464	WING FUNG ADHESIVE MANUFACTURING(THAILAND)CO. LTD.	THAILAND	D0008587929	IV69-05605		6/6/2026	YD51022	088-1AH30601FRH	USED COVER	TOP/BOTTOM		4	120	PCS	13.72	1646.4	115.25	1761.65	BT		*	RECEIVED AT PBASS COMPLETE	4000	530	3470	ACTIVE
T2	71	DM	71DM	T271DM	SPINDLE MOTOR	ASSY	E-PRO	2006464	WING FUNG ADHESIVE MANUFACTURING(THAILAND)CO. LTD.	THAILAND	D0008587929	IV69-05605		6/6/2026	YD51023	088-1DB32101FRH	USED PAPER BOX	-	EAGLE FCC 2 3D	4	1200	PCS	6.86	8232	576.24	8808.24	BT		*	RECEIVED AT PBASS COMPLETE	35000	7200	27800	ACTIVE
T2	71	DM	71DM	T271DM	SPINDLE MOTOR	ASSY	E-PRO	2006464	WING FUNG ADHESIVE MANUFACTURING(THAILAND)CO. LTD.	THAILAND	D0008587929	IV69-05605		6/6/2026	YD51024	088-1DB32001FRH	USED COVER PAD	-	EAGLE FCC 2 3D	4	200	PCS	1.8	360	25.2	385.2	BT		*	RECEIVED AT PBASS COMPLETE	8000	900	7100	ACTIVE
T2	71	DM	71DM	T271DM	SPINDLE MOTOR	ASSY	E-PRO	2006464	WING FUNG ADHESIVE MANUFACTURING(THAILAND)CO. LTD.	THAILAND	D0008587929	IV69-05605		6/6/2026	YD51025	088-1DB32201FRH	USED BOTTOM PAD	-	EAGLE 2D/3D	4	150	PCS	2.42	363	25.41	388.41	BT		*	RECEIVED AT PBASS COMPLETE	5000	650	4350	ACTIVE
T2	71	DM	71DM	T271DM	SPINDLE MOTOR	ASSY	E-PRO	2006464	WING FUNG ADHESIVE MANUFACTURING(THAILAND)CO. LTD.	THAILAND	D0008587929	IV69-05605		6/6/2026	YD51026	088-1LK30301FRH	USED CONNER PAPER	SIZE 100*10*1010MM (NMB REV.A)	EAGLE 2D/3D	1	900	PCS	1.23	1107	77.49	1184.49	BT		*	RECEIVED AT PBASS COMPLETE	8000	900	7100	ACTIVE
T2	71	DM	71DM	T271DM	SPINDLE MOTOR	ASSY	E-PRO	2006464	WING FUNG ADHESIVE MANUFACTURING(THAILAND)CO. LTD.	THAILAND	D0008587929	IV69-05605		6/6/2026	YD51027	088-10315-06FRH	USED PALLET F	PLY WOOD (NMB REV.B)	YARRAR 1D	1	187	PCS	48	8976	628.32	9604.32	BT		*	RECEIVED AT PBASS COMPLETE	1500	187	1313	ACTIVE
T2	71	DM	71DM	T271DM	SPINDLE MOTOR	ASSY	E-PRO	2006464	WING FUNG ADHESIVE MANUFACTURING(THAILAND)CO. LTD.	THAILAND	D0008587929	IV69-05605		6/6/2026	YD51028	088-10315-07FRH	USED PALLET G	LUMBER (NMB REV.B)	EAGLE 2D/3D	4	3	PCS	48	144	10.08	154.08	BT		*	RECEIVED AT PBASS COMPLETE	1500	211	1289	ACTIVE
T2	71	DM	71DM	T271DM	SPINDLE MOTOR	ASSY	E-PRO	2006464	WING FUNG ADHESIVE MANUFACTURING(THAILAND)CO. LTD.	THAILAND	D0008587939	IV69-05606		6/6/2026	YD51030	088-1031506FR1H	USED PALLET F REWORK	PLY WOOD (NMB REV.B)	YARRAR 1D	1	17	PCS	48	816	57.12	873.12	BT		*	RECEIVED AT PBASS COMPLETE	300	17	283	ACTIVE
T2	71	DM	71DM	T271DM	SPINDLE MOTOR	ASSY	E-PRO	2006464	WING FUNG ADHESIVE MANUFACTURING(THAILAND)CO. LTD.	THAILAND	D0008587939	IV69-05606		6/6/2026	YD51032		PALLET F REWORK			1	17	PCS	40	680	47.6	727.6	BT		*	RECEIVED AT PBASS COMPLETE	300	17	283	ACTIVE
T2	71	DM	71DM	T271DM	SPINDLE MOTOR	ASSY	E-PRO	2006464	WING FUNG ADHESIVE MANUFACTURING(THAILAND)CO. LTD.	THAILAND	D0008589229	IV69-05661		8/6/2026	YD51021	088-ALL30301FRH	USED SLEEVE BOX	(NMB REV.A)	ALL MODEL	5	50	PCS	27.6	1380	96.6	1476.6	BT		*	RECEIVED AT PBASS COMPLETE	1500	230	1270	ACTIVE
T2	71	DM	71DM	T271DM	SPINDLE MOTOR	ASSY	E-PRO	2006464	WING FUNG ADHESIVE MANUFACTURING(THAILAND)CO. LTD.	THAILAND	D0008589229	IV69-05661		8/6/2026	YD51022	088-1AH30601FRH	USED COVER	TOP/BOTTOM		5	180	PCS	13.72	2469.6	172.87	2642.47	BT		*	RECEIVED AT PBASS COMPLETE	4000	530	3470	ACTIVE
T2	71	DM	71DM	T271DM	SPINDLE MOTOR	ASSY	E-PRO	2006464	WING FUNG ADHESIVE MANUFACTURING(THAILAND)CO. LTD.	THAILAND	D0008589229	IV69-05661		8/6/2026	YD51023	088-1DB32101FRH	USED PAPER BOX	-	EAGLE FCC 2 3D	5	1800	PCS	6.86	12348	864.36	13212.36	BT		*	RECEIVED AT PBASS COMPLETE	35000	7200	27800	ACTIVE
T2	71	DM	71DM	T271DM	SPINDLE MOTOR	ASSY	E-PRO	2006464	WING FUNG ADHESIVE MANUFACTURING(THAILAND)CO. LTD.	THAILAND	D0008589229	IV69-05661		8/6/2026	YD51024	088-1DB32001FRH	USED COVER PAD	-	EAGLE FCC 2 3D	5	200	PCS	1.8	360	25.2	385.2	BT		*	RECEIVED AT PBASS COMPLETE	8000	900	7100	ACTIVE
T2	71	DM	71DM	T271DM	SPINDLE MOTOR	ASSY	E-PRO	2006464	WING FUNG ADHESIVE MANUFACTURING(THAILAND)CO. LTD.	THAILAND	D0008589229	IV69-05661		8/6/2026	YD51025	088-1DB32201FRH	USED BOTTOM PAD	-	EAGLE 2D/3D	5	150	PCS	2.42	363	25.41	388.41	BT		*	RECEIVED AT PBASS COMPLETE	5000	650	4350	ACTIVE
T2	71	DM	71DM	T271DM	SPINDLE MOTOR	ASSY	E-PRO	2006464	WING FUNG ADHESIVE MANUFACTURING(THAILAND)CO. LTD.	THAILAND	D0008589229	IV69-05661		8/6/2026	YD51028	088-10315-07FRH	USED PALLET G	LUMBER (NMB REV.B)	EAGLE 2D/3D	5	1	PCS	48	48	3.36	51.36	BT		*	RECEIVED AT PBASS COMPLETE	1500	211	1289	ACTIVE
T2	71	DM	71DM	T271DM	SPINDLE MOTOR	ASSY	E-PRO	2006616	JAKAWATNA NAWAKARN CO. LTD.	THAILAND	D0008582274	IV6906028		4/6/2026	YE3585W	12X25MM	STAINLESS STEEL BRUSH	QUO.		1	50	PCS	38	1900	133	2033	BT		*	RECEIVED AT PBASS COMPLETE	50	50	0	CLOSED
T2	71	DM	71DM	T271DM	SPINDLE MOTOR	ASSY	E-PRO	2006616	JAKAWATNA NAWAKARN CO. LTD.	THAILAND	D0008582274	IV6906028		4/6/2026	YE3586W	11X25MM.	STAINLESS STEEL BRUSH	QUO.		1	50	PCS	38	1900	133	2033	BT		*	RECEIVED AT PBASS COMPLETE	50	50	0	CLOSED
T2	71	DM	71DM	T271DM	SPINDLE MOTOR	ASSY	E-PRO	2006964	NIHON SUPERIOR (THAILAND) CO. LTD.	THAILAND	D0008578283	IV18780626		4/6/2026	YD49329	9961-001-00003	SOLDER WIRE	DIA.0.5 MM SN100C(301W)F2	DORADO 10D	1	40000	GRM	2.053	82120	5748.4	87868.4	BT		*	RECEIVED AT PBASS COMPLETE	40000	40000	0	CLOSED
T2	71	DM	71DM	T271DM	SPINDLE MOTOR	ASSY	E-PRO	2006964	NIHON SUPERIOR (THAILAND) CO. LTD.	THAILAND	D0008578288	IV18790626		4/6/2026	YD49330	9961-002-00003	SOLDER BAR	SOLDER BAR SN100C3	DORADO 10D	1	80000	GRM	1.705	136400	9548	145948	BT		*	RECEIVED AT PBASS COMPLETE	140000	140000	0	CLOSED
T2	71	DM	71DM	T271DM	SPINDLE MOTOR	ASSY	E-PRO	2006964	NIHON SUPERIOR (THAILAND) CO. LTD.	THAILAND	D0008578294	IV18800626		4/6/2026	YD49330	9961-002-00003	SOLDER BAR	SOLDER BAR SN100C3	DORADO 10D	2	60000	GRM	1.705	102300	7161	109461	BT		*	RECEIVED AT PBASS COMPLETE	140000	140000	0	CLOSED
T2	71	DM	71DM	T271DM	SPINDLE MOTOR	ASSY	E-PRO	2007132	ADAMPAK (THAILAND) LTD.	THAILAND	D0008582130	IN-TH-260601		4/6/2026	YE3467W	60X44MM GLOSS	STICKER LABEL	QN150100007(IQC PASS 60X44-GLOSS)	FOR STORE PARTS	1	10000	PCS	0.45	4500	315	4815	BT		*	RECEIVED AT PBASS COMPLETE	10000	10000	0	CLOSED
T2	71	DM	71DM	T271DM	SPINDLE MOTOR	ASSY	E-PRO	2007175	CHEMTEC AUTOMATION CO. LTD.	THAILAND	D0008584032	6900226		5/6/2026	YDD2482	7007030 (741V-R	REPAIR KIT 741V	AQT2025120030/MMF22604006		1	3	SET	5650	16950	1186.5	18136.5	BT		*	RECEIVED AT PBASS COMPLETE	3	3	0	CLOSED
T2	71	DM	71DM	T271DM	SPINDLE MOTOR	ASSY	E-PRO	2007175	CHEMTEC AUTOMATION CO. LTD.	THAILAND	D0008584032	6900226		5/6/2026	YDD2483	7007025 (7805-S	SS PISTON NEEDLE ASSEMBLY AKA 78	AQT2025120030/MMF22604006		1	1	SET	8350	8350	584.5	8934.5	BT		*	RECEIVED AT PBASS COMPLETE	1	1	0	CLOSED
T2	71	DM	71DM	T271DM	SPINDLE MOTOR	ASSY	E-PRO	2007175	CHEMTEC AUTOMATION CO. LTD.	THAILAND	D0008584032	6900226		5/6/2026	YDD2484	7007026 (7401)	SS TIP ADAPTER 741V	AQT2025120030/MMF22604006		1	1	SET	5900	5900	413	6313	BT		*	RECEIVED AT PBASS COMPLETE	1	1	0	CLOSED
T2	71	DM	71DM	T271DM	SPINDLE MOTOR	ASSY	E-PRO	2007250	YAMASHIN THAI LTD.	THAILAND	D0008572319	1315497		4/6/2026	YD48964	GEM-02A052	FILTER	XPPH01X3F0FX0	QT20-032	1	50	PCS	282	14100	987	15087	BT		*	RECEIVED AT PBASS COMPLETE	50	50	0	CLOSED
T2	71	DM	71DM	T271DM	SPINDLE MOTOR	ASSY	E-PRO	2007250	YAMASHIN THAI LTD.	THAILAND	D0008572319	1315497		4/6/2026	YD50634	GEM-02A023	FILTER	XSPE0103F1N1	(0.1UM.30INCH)	1	20	PCS	2044	40880	2861.6	43741.6	BT		*	RECEIVED AT PBASS COMPLETE	20	20	0	CLOSED
T2	71	DM	71DM	T271DM	SPINDLE MOTOR	ASSY	E-PRO	2007250	YAMASHIN THAI LTD.	THAILAND	D0008572319	1315497		4/6/2026	YD50635	GEM-02A030	FILTER	XSPE0101F1N1	(0.1UM.10INCH)	1	10	PCS	681	6810	476.7	7286.7	BT		*	RECEIVED AT PBASS COMPLETE	10	10	0	CLOSED
T2	71	DM	71DM	T271DM	SPINDLE MOTOR	ASSY	E-PRO	2007250	YAMASHIN THAI LTD.	THAILAND	D0008572319	1315497		4/6/2026	YD50636	GEM-02A031	FILTER	XSPE0451F1N1	(0.45UM.10INCH)	1	24	PCS	681	16344	1144.08	17488.08	BT		*	RECEIVED AT PBASS COMPLETE	24	24	0	CLOSED
T2	71	DM	71DM	T271DM	SPINDLE MOTOR	ASSY	E-PRO	2007250	YAMASHIN THAI LTD.	THAILAND	D0008572319	1315497		4/6/2026	YD50637	GEM-02A035	FILTER	XSPE0205F1N1	GENERIC	1	3	PCS	1363	4089	286.23	4375.23	BT		*	RECEIVED AT PBASS COMPLETE	3	3	0	CLOSED
T2	71	DM	71DM	T271DM	SPINDLE MOTOR	ASSY	E-PRO	2007250	YAMASHIN THAI LTD.	THAILAND	D0008572319	1315497		4/6/2026	YD50638	GEM-02A041	FILTER	XPPH01X1F0X0		1	15	PCS	88	1320	92.4	1412.4	BT		*	RECEIVED AT PBASS COMPLETE	15	15	0	CLOSED
T2	71	DM	71DM	T271DM	SPINDLE MOTOR	ASSY	E-PRO	2007250	YAMASHIN THAI LTD.	THAILAND	D0008572319	1315497		4/6/2026	YD50639	GEM-02A043	FILTER	XYSP0105M1N3	QT20-016	1	3	PCS	1809	5427	379.89	5806.89	BT		*	RECEIVED AT PBASS COMPLETE	3	3	0	CLOSED
T2	71	DM	71DM	T271DM	SPINDLE MOTOR	ASSY	E-PRO	2007250	YAMASHIN THAI LTD.	THAILAND	D0008572319	1315497		4/6/2026	YD50640	GEM-02A053	FILTER	XSPE0203F1N1	QT20-032	1	15	PCS	2044	30660	2146.2	32806.2	BT		*	RECEIVED AT PBASS COMPLETE	15	15	0	CLOSED
T2	71	DM	71DM	T271DM	SPINDLE MOTOR	ASSY	E-PRO	2007325	PCRG COMPANY LIMITED	THAILAND	D0008582380	IN2606-00043		4/6/2026	YE2767W		LAUNDRY OF JUMPSUIT WITH HOOD&SO	QUO.		1	300	PCS	30	9000	630	9630	BT		*	RECEIVED AT PBASS COMPLETE	300	300	0	CLOSED
T2	71	DM	71DM	T271DM	SPINDLE MOTOR	ASSY	E-PRO	2007325	PCRG COMPANY LIMITED	THAILAND	D0008582404	IN2606-00044		4/6/2026	YE2759W	SIZE. S	CLEAN ROOM SUIT 16-07RC/SPD	QUO.CDS66/02/014	PROJECT.C4183GE	1	22	PCS	509	11198	783.86	11981.86	BT		*	RECEIVED AT PBASS COMPLETE	22	22	0	CLOSED
T2	71	DM	71DM	T271DM	SPINDLE MOTOR	ASSY	E-PRO	2007325	PCRG COMPANY LIMITED	THAILAND	D0008582404	IN2606-00044		4/6/2026	YE2760W	SIZE. M	CLEAN ROOM SUIT 16-07RC/SPD	QUO.CDS66/02/014	PROJECT.C4183GE	1	46	PCS	509	23414	1638.98	25052.98	BT		*	RECEIVED AT PBASS COMPLETE	46	46	0	CLOSED
T2	71	DM	71DM	T271DM	SPINDLE MOTOR	ASSY	E-PRO	2007325	PCRG COMPANY LIMITED	THAILAND	D0008582404	IN2606-00044		4/6/2026	YE2761W	SIZE. L	CLEAN ROOM SUIT 16-07RC/SPD	QUO.CDS66/02/014	PROJECT.C4183GE	1	102	PCS	509	51918	3634.26	55552.26	BT		*	RECEIVED AT PBASS COMPLETE	102	102	0	CLOSED
T2	71	DM	71DM	T271DM	SPINDLE MOTOR	ASSY	E-PRO	2007325	PCRG COMPANY LIMITED	THAILAND	D0008582404	IN2606-00044		4/6/2026	YE2762W	SIZE. XL	CLEAN ROOM SUIT 16-07RC/SPD	QUO.CDS66/02/014	PROJECT.C4183GE	1	64	PCS	509	32576	2280.32	34856.32	BT		*	RECEIVED AT PBASS COMPLETE	64	64	0	CLOSED
T2	71	DM	71DM	T271DM	SPINDLE MOTOR	ASSY	E-PRO	2007325	PCRG COMPANY LIMITED	THAILAND	D0008582404	IN2606-00044		4/6/2026	YE2763W	SIZE. 2XL	CLEAN ROOM SUIT 16-07RC/SPD	QUO.CDS66/02/014	PROJECT.C4183GE	1	44	PCS	509	22396	1567.72	23963.72	BT		*	RECEIVED AT PBASS COMPLETE	44	44	0	CLOSED
T2	71	DM	71DM	T271DM	SPINDLE MOTOR	ASSY	E-PRO	2007325	PCRG COMPANY LIMITED	THAILAND	D0008582404	IN2606-00044		4/6/2026	YE2764W	SIZE. 3XL	CLEAN ROOM SUIT 16-07RC/SPD	QUO.CDS66/02/014	PROJECT.C4183GE	1	14	PCS	509	7126	498.82	7624.82	BT		*	RECEIVED AT PBASS COMPLETE	14	14	0	CLOSED
T2	71	DM	71DM	T271DM	SPINDLE MOTOR	ASSY	E-PRO	2007325	PCRG COMPANY LIMITED	THAILAND	D0008582404	IN2606-00044		4/6/2026	YE2765W	SIZE. 4XL	CLEAN ROOM SUIT 16-07RC/SPD	QUO.CDS66/02/014	PROJECT.C4183GE	1	6	PCS	509	3054	213.78	3267.78	BT		*	RECEIVED AT PBASS COMPLETE	6	6	0	CLOSED
T2	71	DM	71DM	T271DM	SPINDLE MOTOR	ASSY	E-PRO	2007325	PCRG COMPANY LIMITED	THAILAND	D0008582404	IN2606-00044		4/6/2026	YE2766W	SIZE. 5XL	CLEAN ROOM SUIT 16-07RC/SPD	QUO.CDS66/02/014	PROJECT.C4183GE	1	2	PCS	509	1018	71.26	1089.26	BT		*	RECEIVED AT PBASS COMPLETE	2	2	0	CLOSED
T2	71	DM	71DM	T271DM	SPINDLE MOTOR	ASSY	E-PRO	2007367	TW & MJ (2001) CO. LTD.	THAILAND	D0008581917	IV2600862		4/6/2026	YDD2580	TPEJ34-011-792	FIXTURE FOR CHECK HI-POT & RESIS	CQT2602-0288-R2/MMCR2601009		1	1	SET	25887.5	25887.5	1812.13	27699.63	BT		*	RECEIVED AT PBASS COMPLETE	1	1	0	CLOSED
T2	71	DM	71DM	T271DM	SPINDLE MOTOR	ASSY	E-PRO	2007367	TW & MJ (2001) CO. LTD.	THAILAND	D0008581929	IV2600863		4/6/2026	YDD2666	34F08-11-1802	PUSHER Q2	CQT26010068PEMM2605007		1	5	PCS	740	3700	259	3959	BT		*	RECEIVED AT PBASS COMPLETE	5	5	0	CLOSED
T2	71	DM	71DM	T271DM	SPINDLE MOTOR	ASSY	E-PRO	2007367	TW & MJ (2001) CO. LTD.	THAILAND	D0008581929	IV2600863		4/6/2026	YDD2667	TPE014-320-019	FLY HEIGHT STAMP RING	CQT2605-1002PEMM2605008		1	1	PCS	570	570	39.9	609.9	BT		*	RECEIVED AT PBASS COMPLETE	1	1	0	CLOSED
T2	71	DM	71DM	T271DM	SPINDLE MOTOR	ASSY	E-PRO	2007367	TW & MJ (2001) CO. LTD.	THAILAND	D0008581948	IV2600864		4/6/2026	YDD2954	1625-132-00327	REWORK	CQT2605-1168/EN-2603-002		1	1	SET	2280	2280	159.6	2439.6	BT		*	RECEIVED AT PBASS COMPLETE	1	1	0	CLOSED
T2	71	DM	71DM	T271DM	SPINDLE MOTOR	ASSY	E-PRO	2007367	TW & MJ (2001) CO. LTD.	THAILAND	D0008581948	IV2600864		4/6/2026	YDD2956	TPEP44-014-007A	VISUAL ROTOR ASSY FINAL/CLEAN EX	CQT26051180/PEMM2605033		1	1	SET	5640	5640	394.8	6034.8	BT		*	RECEIVED AT PBASS COMPLETE	1	1	0	CLOSED
T2	71	DM	71DM	T271DM	SPINDLE MOTOR	ASSY	E-PRO	2007367	TW & MJ (2001) CO. LTD.	THAILAND	D0008581948	IV2600864		4/6/2026	YDD2957	TPE014-373-010	FIXTURE FOR TWIST COMMON	CQT2605-1158/PEMM2605018	C4400CIMBP4	1	1	SET	5260	5260	368.2	5628.2	BT		*	RECEIVED AT PBASS COMPLETE	1	1	0	CLOSED
T2	71	DM	71DM	T271DM	SPINDLE MOTOR	ASSY	E-PRO	2007367	TW & MJ (2001) CO. LTD.	THAILAND	D0008586035	IV2600880		5/6/2026	YDD2955	TPE014-089-040A	CHECK G-METER	CQT26051217/EN-2603-001		1	1	SET	4500	4500	315	4815	BT		*	RECEIVED AT PBASS COMPLETE	1	1	0	CLOSED
T2	71	DM	71DM	T271DM	SPINDLE MOTOR	ASSY	E-PRO	2007407	N.K.R.ENGINEERING CO. LTD.	THAILAND	D0008583732	13404		5/6/2026	YDD2913	TPEP34-007-021A	SEAL	N.K.R/2026/595	D4561GENERI	1	2	PCS	600	1200	84	1284	BT		*	RECEIVED AT PBASS COMPLETE	2	2	0	CLOSED
T2	71	DM	71DM	T271DM	SPINDLE MOTOR	ASSY	E-PRO	2007407	N.K.R.ENGINEERING CO. LTD.	THAILAND	D0008583732	13404		5/6/2026	YDD2914	TPEP34-007-031A	SEAL	N.K.R/2026/595	D4561GENERI	1	2	PCS	600	1200	84	1284	BT		*	RECEIVED AT PBASS COMPLETE	2	2	0	CLOSED
T2	71	DM	71DM	T271DM	SPINDLE MOTOR	ASSY	E-PRO	2007425	ADVANCED BUSINESS SOLUTIONS AND SERVICES CO. LTD.	THAILAND	D0008583975	112602955		5/6/2026	YDD2432	DS4608-SR	SCANNER	262002774/PDFN2604010		1	2	PCS	3950	7900	553	8453	BT		*	RECEIVED AT PBASS COMPLETE	2	2	0	CLOSED
T2	71	DM	71DM	T271DM	SPINDLE MOTOR	ASSY	E-PRO	2007468	SORIME (THAILAND) CO. LTD.	THAILAND	D0008583767	INV26/06-052		5/6/2026	YDD2719	CRK645	STOPPER	SRMQ-26/05-0070/PEMM2512031	D4490GENERI	1	100	PCS	235	23500	1645	25145	BT		*	RECEIVED AT PBASS COMPLETE	100	100	0	CLOSED
T2	71	DM	71DM	T271DM	SPINDLE MOTOR	ASSY	E-PRO	2007610	SYSTEM UPGRADE SOLUTION BKK CO. LTD.	THAILAND	D0008579523	AP2606-0147		4/6/2026	YDD2764	C1P-003C	CABLE CLAMP SS (LIGHT GRAY)	QSB-AP-RST-2603-0690/PONGTHORN		1	1	PAK	140.25	140.25	9.82	150.07	BT		*	RECEIVED AT PBASS COMPLETE	1	1	0	CLOSED
T2	71	DM	71DM	T271DM	SPINDLE MOTOR	ASSY	E-PRO	2007610	SYSTEM UPGRADE SOLUTION BKK CO. LTD.	THAILAND	D0008584293	AT2606-0022		5/6/2026	YDD2391	RCP2-RTCS-I-20P	ACTUATOR (STR 330 MM.)	QSB-IAI-RST-2603-0137/PEMM2603030	C4424CIMBP4	1	1	PCS	32510	32510	2275.7	34785.7	BT		*	RECEIVED AT PBASS COMPLETE	1	1	0	CLOSED
T2	71	DM	71DM	T271DM	SPINDLE MOTOR	ASSY	E-PRO	2007610	SYSTEM UPGRADE SOLUTION BKK CO. LTD.	THAILAND	D0008584293	AT2606-0022		5/6/2026	YDD2392	RCM-CV-APCS	CONVERT UNIT FOR ITEM 1	QSB-IAI-RST-2603-0137/PEMM2603030		1	1	PCS	2210	2210	154.7	2364.7	BT		*	RECEIVED AT PBASS COMPLETE	1	1	0	CLOSED
T2	71	DM	71DM	T271DM	SPINDLE MOTOR	ASSY	E-PRO	2007610	SYSTEM UPGRADE SOLUTION BKK CO. LTD.	THAILAND	D0008584293	AT2606-0022		5/6/2026	YDD2393	CB-ADPC-MPA002	CONVERSION UNIT CONNECTION CABLE	QSB-IAI-RST-2603-0137/PEMM2603030		1	1	PCS	1360	1360	95.2	1455.2	BT		*	RECEIVED AT PBASS COMPLETE	1	1	0	CLOSED
T2	71	DM	71DM	T271DM	SPINDLE MOTOR	ASSY	E-PRO	2007610	SYSTEM UPGRADE SOLUTION BKK CO. LTD.	THAILAND	D0008585182	AP2606-0262		5/6/2026	YDD2952	SFA-103G	SLOT CAP SS L=2000	QSB-AP-RST-2605-1035/PDFN2603204 5	C4493GENERI	1	100	PCS	51.43	5143	360.01	5503.01	BT		*	RECEIVED AT PBASS COMPLETE	100	100	0	CLOSED
T2	71	DM	71DM	T271DM	SPINDLE MOTOR	ASSY	E-PRO	2007618	CLEANSTAT (THAILAND) CO. LTD.	THAILAND	D0008580729	HMN26060106		4/6/2026	YE3180W	90X250MM.	STICKY ROLLER HANDLE 90MM.	QUO.BD-2019-PS-048		1	24	PCS	390	9360	655.2	10015.2	BT		*	RECEIVED AT PBASS COMPLETE	24	24	0	CLOSED
T2	71	DM	71DM	T271DM	SPINDLE MOTOR	ASSY	E-PRO	2007803	MPT SOLUTION CO. LTD.	THAILAND	D0008578552	IV2606008		2/6/2026	YDD2669	47F08-05-0705	BEARING CAP	NSP-26-071 R1/PEMM2605009		1	300	PCS	140	42000	2940	44940	BT		*	RECEIVED AT PBASS COMPLETE	300	300	0	CLOSED
T2	71	DM	71DM	T271DM	SPINDLE MOTOR	ASSY	E-PRO	2007803	MPT SOLUTION CO. LTD.	THAILAND	D0008578586	IV2606009		2/6/2026	YDD2418	TPE014-305-104	GUIDE DORADO	NSP-26-157/PEMM2604022		1	10	PCS	380	3800	266	4066	BT		*	RECEIVED AT PBASS COMPLETE	10	10	0	CLOSED
T2	71	DM	71DM	T271DM	SPINDLE MOTOR	ASSY	E-PRO	2008087	PROTECTIVE TECHNOLOGY CO. LTD.	THAILAND	D0008580486	PT2606022		4/6/2026	YD49451	130-0004	NITRILE GLOVE CLASS 100	"RSNS300 (9"")"		4	1500	PRS	6.23	9345	654.15	9999.15	BT		*	RECEIVED AT PBASS COMPLETE	7500	4500	3000	ACTIVE
T2	71	DM	71DM	T271DM	SPINDLE MOTOR	ASSY	E-PRO	2008087	PROTECTIVE TECHNOLOGY CO. LTD.	THAILAND	D0008580486	PT2606022		4/6/2026	YD49452	130-0004H	NITRILE GLOVE CLASS 100	"RSNS300 (9"")"		4	500	PRS	6.23	3115	218.05	3333.05	BT		*	RECEIVED AT PBASS COMPLETE	3000	2500	500	ACTIVE
T2	71	DM	71DM	T271DM	SPINDLE MOTOR	ASSY	E-PRO	2008087	PROTECTIVE TECHNOLOGY CO. LTD.	THAILAND	D0008580560	PT2606017		4/6/2026	YD49444	130-0004S	NITRILE GLOVE CLASS 100	"SIZE:S  RSNS-300-1(10.6"")"		3	9000	PRS	6.5	58500	4095	62595	BT		*	RECEIVED AT PBASS COMPLETE	45000	36000	9000	ACTIVE
T2	71	DM	71DM	T271DM	SPINDLE MOTOR	ASSY	E-PRO	2008087	PROTECTIVE TECHNOLOGY CO. LTD.	THAILAND	D0008580560	PT2606017		4/6/2026	YD49445	130-0004L	NITRILE GLOVE CLASS 100	"SIZE:L RSNS-300-1(10.6"")"		3	5000	PRS	6.5	32500	2275	34775	BT		*	RECEIVED AT PBASS COMPLETE	11000	11000	0	CLOSED
T2	71	DM	71DM	T271DM	SPINDLE MOTOR	ASSY	E-PRO	2008087	PROTECTIVE TECHNOLOGY CO. LTD.	THAILAND	D0008580560	PT2606017		4/6/2026	YD49446	130-0004XS	NITRILE GLOVE CLASS 100	"SIZE:XS RSNS-300-1(10.6"")"		3	5000	PRS	6.5	32500	2275	34775	BT		*	RECEIVED AT PBASS COMPLETE	25000	19000	6000	ACTIVE
T2	71	DM	71DM	T271DM	SPINDLE MOTOR	ASSY	E-PRO	2008087	PROTECTIVE TECHNOLOGY CO. LTD.	THAILAND	D0008580563	PT2606018		4/6/2026	YD49448	130-0004S-H	NITRILE GLOVE CLASS 100	"SIZE:S  RSNS-300-1(10.6"")"		3	9000	PRS	6.5	58500	4095	62595	BT		*	RECEIVED AT PBASS COMPLETE	45000	33000	12000	ACTIVE
T2	71	DM	71DM	T271DM	SPINDLE MOTOR	ASSY	E-PRO	2008087	PROTECTIVE TECHNOLOGY CO. LTD.	THAILAND	D0008580563	PT2606018		4/6/2026	YD49449	130-0004L-H	NITRILE GLOVE CLASS 100	"SIZE:L  RSNS-300-1(10.6"")"		3	500	PRS	6.5	3250	227.5	3477.5	BT		*	RECEIVED AT PBASS COMPLETE	2500	2000	500	ACTIVE
T2	71	DM	71DM	T271DM	SPINDLE MOTOR	ASSY	E-PRO	2008087	PROTECTIVE TECHNOLOGY CO. LTD.	THAILAND	D0008580563	PT2606018		4/6/2026	YD49450	130-0004XS-H	NITRILE GLOVE CLASS 100	"SIZE:XS RSNS-300-1(10.6"")"		3	6500	PRS	6.5	42250	2957.5	45207.5	BT		*	RECEIVED AT PBASS COMPLETE	30000	22500	7500	ACTIVE
T2	71	DM	71DM	T271DM	SPINDLE MOTOR	ASSY	E-PRO	2008087	PROTECTIVE TECHNOLOGY CO. LTD.	THAILAND	D0008580575	PT2606019		4/6/2026	YD49451	130-0004	NITRILE GLOVE CLASS 100	"RSNS300 (9"")"		4	1500	PRS	6.23	9345	654.15	9999.15	BT		*	RECEIVED AT PBASS COMPLETE	7500	4500	3000	ACTIVE
T2	71	DM	71DM	T271DM	SPINDLE MOTOR	ASSY	E-PRO	2008087	PROTECTIVE TECHNOLOGY CO. LTD.	THAILAND	D0008580575	PT2606019		4/6/2026	YD49452	130-0004H	NITRILE GLOVE CLASS 100	"RSNS300 (9"")"		4	1000	PRS	6.23	6230	436.1	6666.1	BT		*	RECEIVED AT PBASS COMPLETE	3000	2500	500	ACTIVE
T2	71	DM	71DM	T271DM	SPINDLE MOTOR	ASSY	E-PRO	2008087	PROTECTIVE TECHNOLOGY CO. LTD.	THAILAND	D0008580586	PT2606020		4/6/2026	YD49444	130-0004S	NITRILE GLOVE CLASS 100	"SIZE:S  RSNS-300-1(10.6"")"		4	8000	PRS	6.5	52000	3640	55640	BT		*	RECEIVED AT PBASS COMPLETE	45000	36000	9000	ACTIVE
T2	71	DM	71DM	T271DM	SPINDLE MOTOR	ASSY	E-PRO	2008087	PROTECTIVE TECHNOLOGY CO. LTD.	THAILAND	D0008580586	PT2606020		4/6/2026	YD49445	130-0004L	NITRILE GLOVE CLASS 100	"SIZE:L RSNS-300-1(10.6"")"		4	1500	PRS	6.5	9750	682.5	10432.5	BT		*	RECEIVED AT PBASS COMPLETE	11000	11000	0	CLOSED
T2	71	DM	71DM	T271DM	SPINDLE MOTOR	ASSY	E-PRO	2008087	PROTECTIVE TECHNOLOGY CO. LTD.	THAILAND	D0008580586	PT2606020		4/6/2026	YD49446	130-0004XS	NITRILE GLOVE CLASS 100	"SIZE:XS RSNS-300-1(10.6"")"		4	4000	PRS	6.5	26000	1820	27820	BT		*	RECEIVED AT PBASS COMPLETE	25000	19000	6000	ACTIVE
T2	71	DM	71DM	T271DM	SPINDLE MOTOR	ASSY	E-PRO	2008087	PROTECTIVE TECHNOLOGY CO. LTD.	THAILAND	D0008580633	PT2606021		4/6/2026	YD49448	130-0004S-H	NITRILE GLOVE CLASS 100	"SIZE:S  RSNS-300-1(10.6"")"		4	7500	PRS	6.5	48750	3412.5	52162.5	BT		*	RECEIVED AT PBASS COMPLETE	45000	33000	12000	ACTIVE
T2	71	DM	71DM	T271DM	SPINDLE MOTOR	ASSY	E-PRO	2008087	PROTECTIVE TECHNOLOGY CO. LTD.	THAILAND	D0008580633	PT2606021		4/6/2026	YD49449	130-0004L-H	NITRILE GLOVE CLASS 100	"SIZE:L  RSNS-300-1(10.6"")"		4	500	PRS	6.5	3250	227.5	3477.5	BT		*	RECEIVED AT PBASS COMPLETE	2500	2000	500	ACTIVE
T2	71	DM	71DM	T271DM	SPINDLE MOTOR	ASSY	E-PRO	2008087	PROTECTIVE TECHNOLOGY CO. LTD.	THAILAND	D0008580633	PT2606021		4/6/2026	YD49450	130-0004XS-H	NITRILE GLOVE CLASS 100	"SIZE:XS RSNS-300-1(10.6"")"		4	5000	PRS	6.5	32500	2275	34775	BT		*	RECEIVED AT PBASS COMPLETE	30000	22500	7500	ACTIVE
T2	71	DM	71DM	T271DM	SPINDLE MOTOR	ASSY	E-PRO	2008101	TOKYO HI-MAX  (THAILAND) CO. LTD.	THAILAND	D0008589631	IV6920240		8/6/2026	YDD2730	MLE-0021(800G.)	RESIN	QUO 68-04-532	C4484SUMMIT	1	5	PCS	3050	15250	1067.5	16317.5	BT		*	RECEIVED AT PBASS COMPLETE	5	5	0	CLOSED
T2	71	DM	71DM	T271DM	SPINDLE MOTOR	ASSY	E-PRO	2008232	KISCO (T) LTD.	THAILAND	D0008591190	TRD260600307		6/6/2026	YD51103	9962-001-00418B	ADHESIVE	9962-001-00419 DAIZO NBUVH-1005-1	ROSEWOOD 1D LC	1	1	KGS	15900	15900	1113	17013	BT		*	RECEIVED AT PBASS COMPLETE	1	1	0	CLOSED
T2	71	DM	71DM	T271DM	SPINDLE MOTOR	ASSY	E-PRO	2008342	RETRO POWER CO. LTD.	THAILAND	D0008568826	20236/06/003		4/6/2026	YE3452W	LINK UF-2166SM	LINK UF-2166SM FIBER OPTIC	QUO.06042026-012		1	2	PCS	250	500	35	535	BT		*	RECEIVED AT PBASS COMPLETE	2	2	0	CLOSED
T2	71	DM	71DM	T271DM	SPINDLE MOTOR	ASSY	E-PRO	2008342	RETRO POWER CO. LTD.	THAILAND	D0008577628	2026/06/0213		4/6/2026	YE3620W	GG9-10-95	GOLDEN BAND TAPE 12M	29052026-006		1	5	PCS	265	1325	92.75	1417.75	BT		*	RECEIVED AT PBASS COMPLETE	5	5	0	CLOSED
T2	71	DM	71DM	T271DM	SPINDLE MOTOR	ASSY	E-PRO	2008363	DESIGN ALTERNATIVE CO. LTD	THAILAND	D0008576728	IV690604-001	IV690604-001	2/6/2026	YDC9170	FH120 SE-PP	CHEMICAL FUME HOOD (PIPE LINING	68-SSP-145R1/CLFN2509001	C4395GENERI	1	1	SET	394000	394000	27580	421580	BT		*	RECEIVED AT PBASS COMPLETE	1	1	0	CLOSED
T2	71	DM	71DM	T271DM	SPINDLE MOTOR	ASSY	E-PRO	2008653	JCY HDD TECHNOLOGY CO. LTD	THAILAND	D0008573560	INMB2606/001		1/6/2026	YDD2518	1119-181-00031E	BASEPLATE	JCYFTK      D743061000 R.E(NMB.B)	CIMARRON BP 3D	1	7680	PCS	120.34	924211.2	64694.78	988905.98	BT		*	RECEIVED AT PBASS COMPLETE	115200	48640	66560	ACTIVE
T2	71	DM	71DM	T271DM	SPINDLE MOTOR	ASSY	E-PRO	2008653	JCY HDD TECHNOLOGY CO. LTD	THAILAND	D0008573562	INMB2606/002		1/6/2026	YDD2519	1119-181-00032E	BASEPLATE	JCYFTK      D743071000 R.F(NMB.B)	CIMARRON BP 4D	1	5120	PCS	120.83	618649.6	43305.47	661955.07	BT		*	RECEIVED AT PBASS COMPLETE	332800	69120	263680	ACTIVE
T2	71	DM	71DM	T271DM	SPINDLE MOTOR	ASSY	E-PRO	2008653	JCY HDD TECHNOLOGY CO. LTD	THAILAND	D0008573563	INMB2606/003		1/6/2026	YDD2516	1116-503-00038E	BASEPLATE	JCYFTK      D722087900 R.F(NMB.E)	V11 2D	1	3800	PCS	93.96	357048	24993.36	382041.36	BT		*	RECEIVED AT PBASS COMPLETE	307200	47320	259880	ACTIVE
T2	71	DM	71DM	T271DM	SPINDLE MOTOR	ASSY	E-PRO	2008653	JCY HDD TECHNOLOGY CO. LTD	THAILAND	D0008573799	INMB2606/004		1/6/2026	YDD2518	1119-181-00031E	BASEPLATE	JCYFTK      D743061000 R.E(NMB.B)	CIMARRON BP 3D	2	5120	PCS	120.34	616140.8	43129.86	659270.66	BT		*	RECEIVED AT PBASS COMPLETE	115200	48640	66560	ACTIVE
T2	71	DM	71DM	T271DM	SPINDLE MOTOR	ASSY	E-PRO	2008653	JCY HDD TECHNOLOGY CO. LTD	THAILAND	D0008573801	INMB2606/005		1/6/2026	YDD2519	1119-181-00032E	BASEPLATE	JCYFTK      D743071000 R.F(NMB.B)	CIMARRON BP 4D	2	7680	PCS	120.83	927974.4	64958.21	992932.61	BT		*	RECEIVED AT PBASS COMPLETE	332800	69120	263680	ACTIVE
T2	71	DM	71DM	T271DM	SPINDLE MOTOR	ASSY	E-PRO	2008653	JCY HDD TECHNOLOGY CO. LTD	THAILAND	D0008573804	INMB2606/006		1/6/2026	YDD2516	1116-503-00038E	BASEPLATE	JCYFTK      D722087900 R.F(NMB.E)	V11 2D	2	2560	PCS	93.96	240537.6	16837.63	257375.23	BT		*	RECEIVED AT PBASS COMPLETE	307200	47320	259880	ACTIVE
T2	71	DM	71DM	T271DM	SPINDLE MOTOR	ASSY	E-PRO	2008653	JCY HDD TECHNOLOGY CO. LTD	THAILAND	D0008573931	INMB2606/007		1/6/2026	YDD2518	1119-181-00031E	BASEPLATE	JCYFTK      D743061000 R.E(NMB.B)	CIMARRON BP 3D	3	2560	PCS	120.34	308070.4	21564.93	329635.33	BT		*	RECEIVED AT PBASS COMPLETE	115200	48640	66560	ACTIVE
T2	71	DM	71DM	T271DM	SPINDLE MOTOR	ASSY	E-PRO	2008653	JCY HDD TECHNOLOGY CO. LTD	THAILAND	D0008573933	INMB2606/008		1/6/2026	YDD2518	1119-181-00031E	BASEPLATE	JCYFTK      D743061000 R.E(NMB.B)	CIMARRON BP 3D	4	2560	PCS	120.34	308070.4	21564.93	329635.33	BT		*	RECEIVED AT PBASS COMPLETE	115200	48640	66560	ACTIVE
T2	71	DM	71DM	T271DM	SPINDLE MOTOR	ASSY	E-PRO	2008653	JCY HDD TECHNOLOGY CO. LTD	THAILAND	D0008573934	INMB2606/009		1/6/2026	YDD2519	1119-181-00032E	BASEPLATE	JCYFTK      D743071000 R.F(NMB.B)	CIMARRON BP 4D	3	5120	PCS	120.83	618649.6	43305.47	661955.07	BT		*	RECEIVED AT PBASS COMPLETE	332800	69120	263680	ACTIVE
T2	71	DM	71DM	T271DM	SPINDLE MOTOR	ASSY	E-PRO	2008653	JCY HDD TECHNOLOGY CO. LTD	THAILAND	D0008573937	INMB2606/010		1/6/2026	YDD2516	1116-503-00038E	BASEPLATE	JCYFTK      D722087900 R.F(NMB.E)	V11 2D	3	2560	PCS	93.96	240537.6	16837.63	257375.23	BT		*	RECEIVED AT PBASS COMPLETE	307200	47320	259880	ACTIVE
T2	71	DM	71DM	T271DM	SPINDLE MOTOR	ASSY	E-PRO	2008653	JCY HDD TECHNOLOGY CO. LTD	THAILAND	D0008573940	INMB2606/011		1/6/2026	YDD2518	1119-181-00031E	BASEPLATE	JCYFTK      D743061000 R.E(NMB.B)	CIMARRON BP 3D	5	5120	PCS	120.34	616140.8	43129.86	659270.66	BT		*	RECEIVED AT PBASS COMPLETE	115200	48640	66560	ACTIVE
T2	71	DM	71DM	T271DM	SPINDLE MOTOR	ASSY	E-PRO	2008653	JCY HDD TECHNOLOGY CO. LTD	THAILAND	D0008573942	INMB2606/012		1/6/2026	YDD2519	1119-181-00032E	BASEPLATE	JCYFTK      D743071000 R.F(NMB.B)	CIMARRON BP 4D	4	5120	PCS	120.83	618649.6	43305.47	661955.07	BT		*	RECEIVED AT PBASS COMPLETE	332800	69120	263680	ACTIVE
T2	71	DM	71DM	T271DM	SPINDLE MOTOR	ASSY	E-PRO	2008653	JCY HDD TECHNOLOGY CO. LTD	THAILAND	D0008573943	INMB2606/013		1/6/2026	YDD2516	1116-503-00038E	BASEPLATE	JCYFTK      D722087900 R.F(NMB.E)	V11 2D	4	2560	PCS	93.96	240537.6	16837.63	257375.23	BT		*	RECEIVED AT PBASS COMPLETE	307200	47320	259880	ACTIVE
T2	71	DM	71DM	T271DM	SPINDLE MOTOR	ASSY	E-PRO	2008653	JCY HDD TECHNOLOGY CO. LTD	THAILAND	D0008573944	INMB2606/014		1/6/2026	YDD2516	1116-503-00038E	BASEPLATE	JCYFTK      D722087900 R.F(NMB.E)	V11 2D	5	2560	PCS	93.96	240537.6	16837.63	257375.23	BT		*	RECEIVED AT PBASS COMPLETE	307200	47320	259880	ACTIVE
T2	71	DM	71DM	T271DM	SPINDLE MOTOR	ASSY	E-PRO	2008653	JCY HDD TECHNOLOGY CO. LTD	THAILAND	D0008582545	INMB2606/015		4/6/2026	YDD2518	1119-181-00031E	BASEPLATE	JCYFTK      D743061000 R.E(NMB.B)	CIMARRON BP 3D	6	5120	PCS	120.34	616140.8	43129.86	659270.66	BT		*	RECEIVED AT PBASS COMPLETE	115200	48640	66560	ACTIVE
T2	71	DM	71DM	T271DM	SPINDLE MOTOR	ASSY	E-PRO	2008653	JCY HDD TECHNOLOGY CO. LTD	THAILAND	D0008582554	INMB2606/016		4/6/2026	YDD2519	1119-181-00032E	BASEPLATE	JCYFTK      D743071000 R.F(NMB.B)	CIMARRON BP 4D	5	5120	PCS	120.83	618649.6	43305.47	661955.07	BT		*	RECEIVED AT PBASS COMPLETE	332800	69120	263680	ACTIVE
T2	71	DM	71DM	T271DM	SPINDLE MOTOR	ASSY	E-PRO	2008653	JCY HDD TECHNOLOGY CO. LTD	THAILAND	D0008582557	INMB2606/017		4/6/2026	YDD2516	1116-503-00038E	BASEPLATE	JCYFTK      D722087900 R.F(NMB.E)	V11 2D	6	7680	PCS	93.96	721612.8	50512.9	772125.7	BT		*	RECEIVED AT PBASS COMPLETE	307200	47320	259880	ACTIVE
T2	71	DM	71DM	T271DM	SPINDLE MOTOR	ASSY	E-PRO	2008653	JCY HDD TECHNOLOGY CO. LTD	THAILAND	D0008583814	INMB2606/018		4/6/2026	YDD2518	1119-181-00031E	BASEPLATE	JCYFTK      D743061000 R.E(NMB.B)	CIMARRON BP 3D	7	5120	PCS	120.34	616140.8	43129.86	659270.66	BT		*	RECEIVED AT PBASS COMPLETE	115200	48640	66560	ACTIVE
T2	71	DM	71DM	T271DM	SPINDLE MOTOR	ASSY	E-PRO	2008653	JCY HDD TECHNOLOGY CO. LTD	THAILAND	D0008583822	INMB2606/019		4/6/2026	YDD2519	1119-181-00032E	BASEPLATE	JCYFTK      D743071000 R.F(NMB.B)	CIMARRON BP 4D	6	7680	PCS	120.83	927974.4	64958.21	992932.61	BT		*	RECEIVED AT PBASS COMPLETE	332800	69120	263680	ACTIVE
T2	71	DM	71DM	T271DM	SPINDLE MOTOR	ASSY	E-PRO	2008653	JCY HDD TECHNOLOGY CO. LTD	THAILAND	D0008583828	INMB2606/020		4/6/2026	YDD2516	1116-503-00038E	BASEPLATE	JCYFTK      D722087900 R.F(NMB.E)	V11 2D	7	5120	PCS	93.96	481075.2	33675.26	514750.46	BT		*	RECEIVED AT PBASS COMPLETE	307200	47320	259880	ACTIVE
T2	71	DM	71DM	T271DM	SPINDLE MOTOR	ASSY	E-PRO	2008653	JCY HDD TECHNOLOGY CO. LTD	THAILAND	D0008585006	INMB2606/021		4/6/2026	YDD2518	1119-181-00031E	BASEPLATE	JCYFTK      D743061000 R.E(NMB.B)	CIMARRON BP 3D	8	2560	PCS	120.34	308070.4	21564.93	329635.33	BT		*	RECEIVED AT PBASS COMPLETE	115200	48640	66560	ACTIVE
T2	71	DM	71DM	T271DM	SPINDLE MOTOR	ASSY	E-PRO	2008653	JCY HDD TECHNOLOGY CO. LTD	THAILAND	D0008585010	INMB2606/022		4/6/2026	YDD2519	1119-181-00032E	BASEPLATE	JCYFTK      D743071000 R.F(NMB.B)	CIMARRON BP 4D	7	7680	PCS	120.83	927974.4	64958.21	992932.61	BT		*	RECEIVED AT PBASS COMPLETE	332800	69120	263680	ACTIVE
T2	71	DM	71DM	T271DM	SPINDLE MOTOR	ASSY	E-PRO	2008653	JCY HDD TECHNOLOGY CO. LTD	THAILAND	D0008585012	INMB2606/023		4/6/2026	YDD2520	1120-181-00003E	BASEPLATE	JCYFTK      D743071600 R.E(NMB.E)	CIMARRON BP 5D	1	5120	PCS	120.11	614963.2	43047.42	658010.62	BT		*	RECEIVED AT PBASS COMPLETE	66560	20480	46080	ACTIVE
T2	71	DM	71DM	T271DM	SPINDLE MOTOR	ASSY	E-PRO	2008653	JCY HDD TECHNOLOGY CO. LTD	THAILAND	D0008585014	INMB2606/024		4/6/2026	YDD2516	1116-503-00038E	BASEPLATE	JCYFTK      D722087900 R.F(NMB.E)	V11 2D	8	2560	PCS	93.96	240537.6	16837.63	257375.23	BT		*	RECEIVED AT PBASS COMPLETE	307200	47320	259880	ACTIVE
T2	71	DM	71DM	T271DM	SPINDLE MOTOR	ASSY	E-PRO	2008653	JCY HDD TECHNOLOGY CO. LTD	THAILAND	D0008585790	INMB2606/025		5/6/2026	YDD2518	1119-181-00031E	BASEPLATE	JCYFTK      D743061000 R.E(NMB.B)	CIMARRON BP 3D	9	5120	PCS	120.34	616140.8	43129.86	659270.66	BT		*	RECEIVED AT PBASS COMPLETE	115200	48640	66560	ACTIVE
T2	71	DM	71DM	T271DM	SPINDLE MOTOR	ASSY	E-PRO	2008653	JCY HDD TECHNOLOGY CO. LTD	THAILAND	D0008585798	INMB2606/026		5/6/2026	YDD2519	1119-181-00032E	BASEPLATE	JCYFTK      D743071000 R.F(NMB.B)	CIMARRON BP 4D	8	7680	PCS	120.83	927974.4	64958.21	992932.61	BT		*	RECEIVED AT PBASS COMPLETE	332800	69120	263680	ACTIVE
T2	71	DM	71DM	T271DM	SPINDLE MOTOR	ASSY	E-PRO	2008653	JCY HDD TECHNOLOGY CO. LTD	THAILAND	D0008585807	INMB2606/027		5/6/2026	YDD2516	1116-503-00038E	BASEPLATE	JCYFTK      D722087900 R.F(NMB.E)	V11 2D	9	2560	PCS	93.96	240537.6	16837.63	257375.23	BT		*	RECEIVED AT PBASS COMPLETE	307200	47320	259880	ACTIVE
T2	71	DM	71DM	T271DM	SPINDLE MOTOR	ASSY	E-PRO	2008653	JCY HDD TECHNOLOGY CO. LTD	THAILAND	D0008587596	INMB2606/028		5/6/2026	YDD2518	1119-181-00031E	BASEPLATE	JCYFTK      D743061000 R.E(NMB.B)	CIMARRON BP 3D	10	2560	PCS	120.34	308070.4	21564.93	329635.33	BT		*	RECEIVED AT PBASS COMPLETE	115200	48640	66560	ACTIVE
T2	71	DM	71DM	T271DM	SPINDLE MOTOR	ASSY	E-PRO	2008653	JCY HDD TECHNOLOGY CO. LTD	THAILAND	D0008587603	INMB2606/029		5/6/2026	YDD2520	1120-181-00003E	BASEPLATE	JCYFTK      D743071600 R.E(NMB.E)	CIMARRON BP 5D	2	5120	PCS	120.11	614963.2	43047.42	658010.62	BT		*	RECEIVED AT PBASS COMPLETE	66560	20480	46080	ACTIVE
T2	71	DM	71DM	T271DM	SPINDLE MOTOR	ASSY	E-PRO	2008653	JCY HDD TECHNOLOGY CO. LTD	THAILAND	D0008587607	INMB2606/030		5/6/2026	YDD2516	1116-503-00038E	BASEPLATE	JCYFTK      D722087900 R.F(NMB.E)	V11 2D	10	2560	PCS	93.96	240537.6	16837.63	257375.23	BT		*	RECEIVED AT PBASS COMPLETE	307200	47320	259880	ACTIVE
T2	71	DM	71DM	T271DM	SPINDLE MOTOR	ASSY	E-PRO	2008653	JCY HDD TECHNOLOGY CO. LTD	THAILAND	D0008587613	INMB2606/031		5/6/2026	YDD2516	1116-503-00038E	BASEPLATE	JCYFTK      D722087900 R.F(NMB.E)	V11 2D	11	2560	PCS	93.96	240537.6	16837.63	257375.23	BT		*	RECEIVED AT PBASS COMPLETE	307200	47320	259880	ACTIVE
T2	71	DM	71DM	T271DM	SPINDLE MOTOR	ASSY	E-PRO	2008653	JCY HDD TECHNOLOGY CO. LTD	THAILAND	D0008588502	INMB2606/032		6/6/2026	YDD2518	1119-181-00031E	BASEPLATE	JCYFTK      D743061000 R.E(NMB.B)	CIMARRON BP 3D	11	2560	PCS	120.34	308070.4	21564.93	329635.33	BT		*	RECEIVED AT PBASS COMPLETE	115200	48640	66560	ACTIVE
T2	71	DM	71DM	T271DM	SPINDLE MOTOR	ASSY	E-PRO	2008653	JCY HDD TECHNOLOGY CO. LTD	THAILAND	D0008588508	INMB2606/033		6/6/2026	YDD2518	1119-181-00031E	BASEPLATE	JCYFTK      D743061000 R.E(NMB.B)	CIMARRON BP 3D	12	2560	PCS	120.34	308070.4	21564.93	329635.33	BT		*	RECEIVED AT PBASS COMPLETE	115200	48640	66560	ACTIVE
T2	71	DM	71DM	T271DM	SPINDLE MOTOR	ASSY	E-PRO	2008653	JCY HDD TECHNOLOGY CO. LTD	THAILAND	D0008588515	INMB2606/034		6/6/2026	YDD2519	1119-181-00032E	BASEPLATE	JCYFTK      D743071000 R.F(NMB.B)	CIMARRON BP 4D	9	5120	PCS	120.83	618649.6	43305.47	661955.07	BT		*	RECEIVED AT PBASS COMPLETE	332800	69120	263680	ACTIVE
T2	71	DM	71DM	T271DM	SPINDLE MOTOR	ASSY	E-PRO	2008653	JCY HDD TECHNOLOGY CO. LTD	THAILAND	D0008588524	INMB2606/035		6/6/2026	YDD2520	1120-181-00003E	BASEPLATE	JCYFTK      D743071600 R.E(NMB.E)	CIMARRON BP 5D	3	5120	PCS	120.11	614963.2	43047.42	658010.62	BT		*	RECEIVED AT PBASS COMPLETE	66560	20480	46080	ACTIVE
T2	71	DM	71DM	T271DM	SPINDLE MOTOR	ASSY	E-PRO	2008653	JCY HDD TECHNOLOGY CO. LTD	THAILAND	D0008588530	INMB2606/036		6/6/2026	YDD2521	1119-181-00009E	BASEPLATE	JCYFTK      D729971000 R.A(NMB.A)	M11P 5D	1	1000	PCS	104.94	104940	7345.8	112285.8	BT		*	RECEIVED AT PBASS COMPLETE	5200	1000	4200	ACTIVE
T2	71	DM	71DM	T271DM	SPINDLE MOTOR	ASSY	E-PRO	2008653	JCY HDD TECHNOLOGY CO. LTD	THAILAND	D0008589351	INMB2606/037		6/6/2026	YDD2516	1116-503-00038E	BASEPLATE	JCYFTK      D722087900 R.F(NMB.E)	V11 2D	12	2560	PCS	93.96	240537.6	16837.63	257375.23	BT		*	RECEIVED AT PBASS COMPLETE	307200	47320	259880	ACTIVE
T2	71	DM	71DM	T271DM	SPINDLE MOTOR	ASSY	E-PRO	2008653	JCY HDD TECHNOLOGY CO. LTD	THAILAND	D0008589354	INMB2606/038		6/6/2026	YDD2516	1116-503-00038E	BASEPLATE	JCYFTK      D722087900 R.F(NMB.E)	V11 2D	13	7680	PCS	93.96	721612.8	50512.9	772125.7	BT		*	RECEIVED AT PBASS COMPLETE	307200	47320	259880	ACTIVE
T2	71	DM	71DM	T271DM	SPINDLE MOTOR	ASSY	E-PRO	2008653	JCY HDD TECHNOLOGY CO. LTD	THAILAND	D0008590482	INMB2606/039		8/6/2026	YDD2519	1119-181-00032E	BASEPLATE	JCYFTK      D743071000 R.F(NMB.B)	CIMARRON BP 4D	10	2560	PCS	120.83	309324.8	21652.74	330977.54	BT		*	RECEIVED AT PBASS COMPLETE	332800	69120	263680	ACTIVE
T2	71	DM	71DM	T271DM	SPINDLE MOTOR	ASSY	E-PRO	2008653	JCY HDD TECHNOLOGY CO. LTD	THAILAND	D0008590505	INMB2606/040		8/6/2026	YDD2519	1119-181-00032E	BASEPLATE	JCYFTK      D743071000 R.F(NMB.B)	CIMARRON BP 4D	11	5120	PCS	120.83	618649.6	43305.47	661955.07	BT		*	RECEIVED AT PBASS COMPLETE	332800	69120	263680	ACTIVE
T2	71	DM	71DM	T271DM	SPINDLE MOTOR	ASSY	E-PRO	2008653	JCY HDD TECHNOLOGY CO. LTD	THAILAND	D0008590529	INMB2606/041		8/6/2026	YDD2519	1119-181-00032E	BASEPLATE	JCYFTK      D743071000 R.F(NMB.B)	CIMARRON BP 4D	12	5120	PCS	120.83	618649.6	43305.47	661955.07	BT		*	RECEIVED AT PBASS COMPLETE	332800	69120	263680	ACTIVE
T2	71	DM	71DM	T271DM	SPINDLE MOTOR	ASSY	E-PRO	2008653	JCY HDD TECHNOLOGY CO. LTD	THAILAND	D0008590538	INMB2606/042		8/6/2026	YDD2520	1120-181-00003E	BASEPLATE	JCYFTK      D743071600 R.E(NMB.E)	CIMARRON BP 5D	4	5120	PCS	120.11	614963.2	43047.42	658010.62	BT		*	RECEIVED AT PBASS COMPLETE	66560	20480	46080	ACTIVE
T2	71	DM	71DM	T271DM	SPINDLE MOTOR	ASSY	E-PRO	2009018	ORIENTAL MOTOR(THAILAND) CO. LTD.	THAILAND	D0008578823	INV-0626-000		4/6/2026	YDD2378	CCM030V5AEF	OTHER MACHINERY PARTS EXTENSION	OMT-055577	-	1	2	PCS	1173	2346	164.22	2510.22	BT		*	RECEIVED AT PBASS COMPLETE	2	2	0	CLOSED
T2	71	DM	71DM	T271DM	SPINDLE MOTOR	ASSY	E-PRO	2009018	ORIENTAL MOTOR(THAILAND) CO. LTD.	THAILAND	D0008578823	INV-0626-000		4/6/2026	YDD2379	CCM010V5AEF	OTHER MACHINERY PARTS EXTENSION	OMT-055577	-	1	2	PCS	892	1784	124.88	1908.88	BT		*	RECEIVED AT PBASS COMPLETE	2	2	0	CLOSED
T2	71	DM	71DM	T271DM	SPINDLE MOTOR	ASSY	E-PRO	2009522	W-TECH (THAILAND) CO. LTD.	THAILAND	D0008576717	IV260604/061		4/6/2026	YD49413	SIND-404-05-1	STICKY ROLLER REFILL	4INCHESX20M BLUE (1ROLL=100PCS)	MADE IN CHINA	1	50	ROL	38.7	1935	135.45	2070.45	BT		*	RECEIVED AT PBASS COMPLETE	50	50	0	CLOSED
T2	71	DM	71DM	T271DM	SPINDLE MOTOR	ASSY	E-PRO	2009522	W-TECH (THAILAND) CO. LTD.	THAILAND	D0008576717	IV260604/061		4/6/2026	YD49414	SIND-404-05-1H	STICKY ROLLER REFILL	4INCHESX20M BLUE (1ROLL=100PCS)	MADE IN CHINA	1	50	ROL	38.7	1935	135.45	2070.45	BT		*	RECEIVED AT PBASS COMPLETE	50	50	0	CLOSED
T2	71	DM	71DM	T271DM	SPINDLE MOTOR	ASSY	E-PRO	2009522	W-TECH (THAILAND) CO. LTD.	THAILAND	D0008586244	IV260608/015		8/6/2026	YD49475	SIND-403-14-1	WIPER (SUPRA PRECISE X3)	"SIZE:4X4"" (1500PCS/BAG)"	QT250716/005	1	127500	PCS	0.27	34425	2409.75	36834.75	BT		*	RECEIVED AT PBASS COMPLETE	127500	127500	0	CLOSED
T2	71	DM	71DM	T271DM	SPINDLE MOTOR	ASSY	E-PRO	2009522	W-TECH (THAILAND) CO. LTD.	THAILAND	D0008586244	IV260608/015		8/6/2026	YD49476	SIND-403-04-1	WIPER (SUPRA PRECISE X3)	SIZE:6X6 (600PCS/BAG)	QT250716/005	1	12000	PCS	0.61	7320	512.4	7832.4	BT		*	RECEIVED AT PBASS COMPLETE	12000	12000	0	CLOSED
T2	71	DM	71DM	T271DM	SPINDLE MOTOR	ASSY	E-PRO	2009617	MITSUBISHI ELECTRIC FACTORY AUTOMATION (THAILAND)	THAILAND	D0008571109	IV690604043		4/6/2026	YDD2433	HG-KR43	SERVO MR-J4 MOTOR	FA26030684/MMF22603001		1	1	PCS	6846	6846	479.22	7325.22	BT		*	RECEIVED AT PBASS COMPLETE	1	1	0	CLOSED
T2	71	DM	71DM	T271DM	SPINDLE MOTOR	ASSY	E-PRO	2009617	MITSUBISHI ELECTRIC FACTORY AUTOMATION (THAILAND)	THAILAND	D0008587257	IV690608111		8/6/2026	YDD2942	FA-TH16YRA20S	RELAY	FA26050406/PDFN2603204 5 6 7	C4493GENERI	1	8	PCS	3501.85	28014.8	1961.04	29975.84	BT		*	RECEIVED AT PBASS COMPLETE	8	8	0	CLOSED
T2	71	DM	71DM	T271DM	SPINDLE MOTOR	ASSY	E-PRO	2009696	KEIAISHA (THAILAND) CO. LTD.	THAILAND	D0008583200	KI2606-00027		4/6/2026	YD49558	TPND-20G-U	DUBLE TAPERED NEEDLE	TPND-20G-U PINK		1	500	PCS	13	6500	455	6955	BT		*	RECEIVED AT PBASS COMPLETE	500	500	0	CLOSED
T2	71	DM	71DM	T271DM	SPINDLE MOTOR	ASSY	E-PRO	2009696	KEIAISHA (THAILAND) CO. LTD.	THAILAND	D0008583200	KI2606-00027		4/6/2026	YD49559	TPND-22G-U	DUBLE TAPERED NEEDLE	TPND-22G-U BLUE		1	2000	PCS	13.5	27000	1890	28890	BT		*	RECEIVED AT PBASS COMPLETE	2000	2000	0	CLOSED
T2	71	DM	71DM	T271DM	SPINDLE MOTOR	ASSY	E-PRO	2009696	KEIAISHA (THAILAND) CO. LTD.	THAILAND	D0008583200	KI2606-00027		4/6/2026	YD49560	TPND-27G-U	DUBLE TAPERED NEEDLE	TPND-27G-U DARK GRAY	MOBURA LA-O	1	1000	PCS	13	13000	910	13910	BT		*	RECEIVED AT PBASS COMPLETE	1000	1000	0	CLOSED
T2	71	DM	71DM	T271DM	SPINDLE MOTOR	ASSY	E-PRO	2009696	KEIAISHA (THAILAND) CO. LTD.	THAILAND	D0008583200	KI2606-00027		4/6/2026	YD49561	TPND-27G-U-H	DUBLE TAPERED NEEDLE	TPND-27G-U DARK GRAY	MOBURA LA-O	1	500	PCS	13	6500	455	6955	BT		*	RECEIVED AT PBASS COMPLETE	500	500	0	CLOSED
T2	71	DM	71DM	T271DM	SPINDLE MOTOR	ASSY	E-PRO	2009696	KEIAISHA (THAILAND) CO. LTD.	THAILAND	D0008583200	KI2606-00027		4/6/2026	YD49562	TPND-25G-U	DUBLE TAPERED NEEDLE	TPND-25G-U ROSE(FORMER:RED)		1	500	PCS	13.5	6750	472.5	7222.5	BT		*	RECEIVED AT PBASS COMPLETE	500	500	0	CLOSED
T2	71	DM	71DM	T271DM	SPINDLE MOTOR	ASSY	E-PRO	2009696	KEIAISHA (THAILAND) CO. LTD.	THAILAND	D0008583200	KI2606-00027		4/6/2026	YD49563	TPND-25G-U-H	DUBLE TAPERED NEEDLE	TPND-25G-U ROSE(FORMER:RED)		1	1000	PCS	13.5	13500	945	14445	BT		*	RECEIVED AT PBASS COMPLETE	1000	1000	0	CLOSED
T2	71	DM	71DM	T271DM	SPINDLE MOTOR	ASSY	E-PRO	2009696	KEIAISHA (THAILAND) CO. LTD.	THAILAND	D0008583200	KI2606-00027		4/6/2026	YD49564	TPND-18G-U	DUBLE TAPERED NEEDLE	TPND-18G-U GREEN	ROSEWOOD1D	1	300	PCS	13.5	4050	283.5	4333.5	BT		*	RECEIVED AT PBASS COMPLETE	300	300	0	CLOSED
T2	71	DM	71DM	T271DM	SPINDLE MOTOR	ASSY	E-PRO	2009696	KEIAISHA (THAILAND) CO. LTD.	THAILAND	D0008583214	KI2606-00028		4/6/2026	YD49565	PN-22G-A	PLASTIC NEEDLE PN-22G-A	-	QU2306-00302	1	200	PCS	15.5	3100	217	3317	BT		*	RECEIVED AT PBASS COMPLETE	200	200	0	CLOSED
T2	71	DM	71DM	T271DM	SPINDLE MOTOR	ASSY	E-PRO	2009696	KEIAISHA (THAILAND) CO. LTD.	THAILAND	D0008583214	KI2606-00028		4/6/2026	YD49566	AON-50E	ORING 50CC	AON-50E 50CC (ORG-18-N-B-1)	MAKER MUSASHI	1	200	PCS	11.25	2250	157.5	2407.5	BT		*	RECEIVED AT PBASS COMPLETE	200	200	0	CLOSED
T2	71	DM	71DM	T271DM	SPINDLE MOTOR	ASSY	E-PRO	2009696	KEIAISHA (THAILAND) CO. LTD.	THAILAND	D0008583214	KI2606-00028		4/6/2026	YD49865	DPN-20G-1	DOUBLE THREAD SCREWED PLASTIC	QUO.QU1905-00053  (PINK)	FOR ROSWOOD	1	200	PCS	12	2400	168	2568	BT		*	RECEIVED AT PBASS COMPLETE	200	200	0	CLOSED
T2	71	DM	71DM	T271DM	SPINDLE MOTOR	ASSY	E-PRO	2009696	KEIAISHA (THAILAND) CO. LTD.	THAILAND	D0008583214	KI2606-00028		4/6/2026	YD50836	DPN-22G-1-H	DOUBLE THREAD SCREWED PLASTIC	QUO.QU1905-00053  (BLUE)	STTCA MODEL	1	300	PCS	12.5	3750	262.5	4012.5	BT		*	RECEIVED AT PBASS COMPLETE	300	300	0	CLOSED
T2	71	DM	71DM	T271DM	SPINDLE MOTOR	ASSY	E-PRO	2009696	KEIAISHA (THAILAND) CO. LTD.	THAILAND	D0008583214	KI2606-00028		4/6/2026	YD50920	AT-10E-H	ADAPTER TUBE	AT-10E-H 10CC	MAKER MUSASHI	1	2	PCS	401	802	56.14	858.14	BT		*	RECEIVED AT PBASS COMPLETE	2	2	0	CLOSED
T2	71	DM	71DM	T271DM	SPINDLE MOTOR	ASSY	E-PRO	2009696	KEIAISHA (THAILAND) CO. LTD.	THAILAND	D0008583231	KI2606-00029		4/6/2026	YDD2627	182-8889	CABLE 5M BLUE	QU2603-00072/PDFN2603204 5 6 7	C4493GENERI	1	10	PCS	612	6120	428.4	6548.4	BT		*	RECEIVED AT PBASS COMPLETE	10	10	0	CLOSED
T2	71	DM	71DM	T271DM	SPINDLE MOTOR	ASSY	E-PRO	2009696	KEIAISHA (THAILAND) CO. LTD.	THAILAND	D0008583231	KI2606-00029		4/6/2026	YDD2659	6003ZZCM	BEARINGS	QU2604-00441/MMWR2604018		1	60	PCS	57	3420	239.4	3659.4	BT		*	RECEIVED AT PBASS COMPLETE	60	60	0	CLOSED
T2	71	DM	71DM	T271DM	SPINDLE MOTOR	ASSY	E-PRO	2009696	KEIAISHA (THAILAND) CO. LTD.	THAILAND	D0008583231	KI2606-00029		4/6/2026	YDD2775	LR5-302WJBW-RYG	SIGNAL TOWER	QU2605-00523/PDFN2603204 5 6 7	C4493GENERI	1	4	PCS	2482	9928	694.96	10622.96	BT		*	RECEIVED AT PBASS COMPLETE	4	4	0	CLOSED
T2	71	DM	71DM	T271DM	SPINDLE MOTOR	ASSY	E-PRO	2009696	KEIAISHA (THAILAND) CO. LTD.	THAILAND	D0008588477	KI2606-00100		6/6/2026	YD50125	TPND-18G-U-H	DUBLE TAPERED NEEDLE	TPND-18G-U GREEN	ROSEWOOD1D	1	100	PCS	13.5	1350	94.5	1444.5	BT		*	RECEIVED AT PBASS COMPLETE	100	100	0	CLOSED
T2	71	DM	71DM	T271DM	SPINDLE MOTOR	ASSY	E-PRO	2009696	KEIAISHA (THAILAND) CO. LTD.	THAILAND	D0008588477	KI2606-00100		6/6/2026	YD50186	PSY-5E	CLEAR SYRINGE	PSY-5E 5CC	MAKER MUSASHI	1	50	PCS	8	400	28	428	BT		*	RECEIVED AT PBASS COMPLETE	50	50	0	CLOSED
T2	71	DM	71DM	T271DM	SPINDLE MOTOR	ASSY	E-PRO	2009696	KEIAISHA (THAILAND) CO. LTD.	THAILAND	D0008588477	KI2606-00100		6/6/2026	YD50190	PSY-70F	CLEAR SYRINGE	PSY-70F 70CC	MAKER MUSASHI	1	50	PCS	66.5	3325	232.75	3557.75	BT		*	RECEIVED AT PBASS COMPLETE	50	50	0	CLOSED
T2	71	DM	71DM	T271DM	SPINDLE MOTOR	ASSY	E-PRO	2009696	KEIAISHA (THAILAND) CO. LTD.	THAILAND	D0008588477	KI2606-00100		6/6/2026	YD50192	DPN-18G-1	DOUBLE THREAD SCREWED PLASTIC	QUO.QU1905-00053  (GREEN)	FOR ROSWOOD	1	100	PCS	12.5	1250	87.5	1337.5	BT		*	RECEIVED AT PBASS COMPLETE	100	100	0	CLOSED
T2	71	DM	71DM	T271DM	SPINDLE MOTOR	ASSY	E-PRO	2009696	KEIAISHA (THAILAND) CO. LTD.	THAILAND	D0008588594	KI2606-00102		6/6/2026	YDD0768	ELM-22A001G	FLASH LAMP	MLD-0602	-	1	1	PCS	22550	22550	1578.5	24128.5	BT		*	RECEIVED AT PBASS COMPLETE	1	1	0	CLOSED
T2	71	DM	71DM	T271DM	SPINDLE MOTOR	ASSY	E-PRO	2009742	PHUMEPHAT TRADING LIMITED PARTNERSHIP	THAILAND	D0008581080	NMB-2606001		4/6/2026	YD50475	088-10315-06F	PALLET F	PLY WOOD(NMB REV.B)	YARRAR 1D	1	130	PCS	585	76050	5323.5	81373.5	BT		*	RECEIVED AT PBASS COMPLETE	1700	210	1490	ACTIVE
T2	71	DM	71DM	T271DM	SPINDLE MOTOR	ASSY	E-PRO	2009742	PHUMEPHAT TRADING LIMITED PARTNERSHIP	THAILAND	D0008581080	NMB-2606001		4/6/2026	YD50481	088-10315-07F	PALLET G	LUMBER (NMB REV.B)	DORADO 10D	1	100	PCS	575	57500	4025	61525	BT		*	RECEIVED AT PBASS COMPLETE	1300	100	1200	ACTIVE
T2	71	DM	71DM	T271DM	SPINDLE MOTOR	ASSY	E-PRO	2009742	PHUMEPHAT TRADING LIMITED PARTNERSHIP	THAILAND	D0008585003	NMB-2606004		5/6/2026	YD50475	088-10315-06F	PALLET F	PLY WOOD(NMB REV.B)	YARRAR 1D	2	80	PCS	585	46800	3276	50076	BT		*	RECEIVED AT PBASS COMPLETE	1700	210	1490	ACTIVE
T2	71	DM	71DM	T271DM	SPINDLE MOTOR	ASSY	E-PRO	2009742	PHUMEPHAT TRADING LIMITED PARTNERSHIP	THAILAND	D0008585003	NMB-2606004		5/6/2026	YD50488	088-10315-10F	PALLET	LUMBER	-	1	2	PCS	110	220	15.4	235.4	BT		*	RECEIVED AT PBASS COMPLETE	20	2	18	ACTIVE
T2	71	DM	71DM	T271DM	SPINDLE MOTOR	ASSY	E-PRO	2009742	PHUMEPHAT TRADING LIMITED PARTNERSHIP	THAILAND	D0008585011	NMB-2606005		5/6/2026	YD51013		REHEAT TREMENT  PALLET			1	8	PCS	30	240	16.8	256.8	BT		*	RECEIVED AT PBASS COMPLETE	50	8	42	ACTIVE
T2	71	DM	71DM	T271DM	SPINDLE MOTOR	ASSY	E-PRO	2009745	FUKUI BYORA (THAILAND) CO. LTD	THAILAND	D0008575367	FBT2606-0005		2/6/2026	YD49784	1116-853-00001	PIN	(NMB REV.A)	DORADO 10D	1	1320000	PCS	0.31	409200	28644	437844	BT		*	RECEIVED AT PBASS COMPLETE	3000000	1320000	1680000	ACTIVE
T2	71	DM	71DM	T271DM	SPINDLE MOTOR	ASSY	E-PRO	2009814	UNITED CONTAINER CO. LTD.	THAILAND	D0008579438	26/09414		4/6/2026	YD50308	088-ALL303-01F	SLEEVE BOX	(NMB REV.A)	ALL MODEL	27	150	PCS	106.85	16027.5	1121.93	17149.43	BT		*	RECEIVED AT PBASS COMPLETE	2600	2200	400	CLOSED
T2	71	DM	71DM	T271DM	SPINDLE MOTOR	ASSY	E-PRO	2009814	UNITED CONTAINER CO. LTD.	THAILAND	D0008579438	26/09414		4/6/2026	YD50309	088-1AH306-01F	COVER	TOP/BOTTOM	DORADO 10D	27	250	PCS	50.7	12675	887.25	13562.25	BT		*	RECEIVED AT PBASS COMPLETE	5000	4640	360	ACTIVE
T2	71	DM	71DM	T271DM	SPINDLE MOTOR	ASSY	E-PRO	2009814	UNITED CONTAINER CO. LTD.	THAILAND	D0008579438	26/09414		4/6/2026	YD50310	088-1DB321-01F	PAPER BOX	NMB REV.A	DORADO 10D	26	2500	PCS	27.75	69375	4856.25	74231.25	BT		*	RECEIVED AT PBASS COMPLETE	60000	49900	10100	ACTIVE
T2	71	DM	71DM	T271DM	SPINDLE MOTOR	ASSY	E-PRO	2009814	UNITED CONTAINER CO. LTD.	THAILAND	D0008579438	26/09414		4/6/2026	YD50311	088-1DB320-01F	COVER PAD	NMB REV.A	DORADO 10D	26	400	PCS	9.28	3712	259.84	3971.84	BT		*	RECEIVED AT PBASS COMPLETE	10000	8400	1600	ACTIVE
T2	71	DM	71DM	T271DM	SPINDLE MOTOR	ASSY	E-PRO	2009814	UNITED CONTAINER CO. LTD.	THAILAND	D0008579438	26/09414		4/6/2026	YD50312	088-1DB322-01F	BOTTOM PAD	NMB REV.A	DORADO 10D	28	250	PCS	11.5	2875	201.25	3076.25	BT		*	RECEIVED AT PBASS COMPLETE	5000	4150	850	ACTIVE
T2	71	DM	71DM	T271DM	SPINDLE MOTOR	ASSY	E-PRO	2009814	UNITED CONTAINER CO. LTD.	THAILAND	D0008579438	26/09414		4/6/2026	YD50313	088-15302-02FH	INNER BOX	CARTON BOX	AIRWALKER 4D	3	50	PCS	38.8	1940	135.8	2075.8	BT		*	RECEIVED AT PBASS COMPLETE	150	150	0	CLOSED
T2	71	DM	71DM	T271DM	SPINDLE MOTOR	ASSY	E-PRO	2009814	UNITED CONTAINER CO. LTD.	THAILAND	D0008579438	26/09414		4/6/2026	YD50320	088-10300-76	CORNER PAPER S	SIZE 40X4X120 MM (NMB REV.A)	IRIS SLIM V1	8	2000	PCS	0.96	1920	134.4	2054.4	BT		*	RECEIVED AT PBASS COMPLETE	20000	11000	9000	ACTIVE
T2	71	DM	71DM	T271DM	SPINDLE MOTOR	ASSY	E-PRO	2009814	UNITED CONTAINER CO. LTD.	THAILAND	D0008579438	26/09414		4/6/2026	YD50321	088-1LK303-01F	CONNER PAPER	SIZE 100X10X1010 MM(NMB REV.A)	DORADO 10D	16	900	PCS	32	28800	2016	30816	BT		*	RECEIVED AT PBASS COMPLETE	10000	9900	100	ACTIVE
T2	71	DM	71DM	T271DM	SPINDLE MOTOR	ASSY	E-PRO	2009814	UNITED CONTAINER CO. LTD.	THAILAND	D0008579440	26/09415		4/6/2026	YD50311	088-1DB320-01F	COVER PAD	NMB REV.A	DORADO 10D	27	100	PCS	9.28	928	64.96	992.96	BT		*	RECEIVED AT PBASS COMPLETE	10000	8400	1600	ACTIVE
T2	71	DM	71DM	T271DM	SPINDLE MOTOR	ASSY	E-PRO	2009814	UNITED CONTAINER CO. LTD.	THAILAND	D0008579443	26/09453		4/6/2026	YD50314	088-ALL303-01F	SLEEVE BOX	(NMB REV.A)	ALL MODEL	1	100	PCS	106.85	10685	747.95	11432.95	BT		*	RECEIVED AT PBASS COMPLETE	2330	410	1920	ACTIVE
T2	71	DM	71DM	T271DM	SPINDLE MOTOR	ASSY	E-PRO	2009814	UNITED CONTAINER CO. LTD.	THAILAND	D0008579443	26/09453		4/6/2026	YD50315	088-1AH306-01F	COVER	TOP/BOTTOM	DORADO 10D	1	350	PCS	50.7	17745	1242.15	18987.15	BT		*	RECEIVED AT PBASS COMPLETE	4230	854	3376	ACTIVE
T2	71	DM	71DM	T271DM	SPINDLE MOTOR	ASSY	E-PRO	2009814	UNITED CONTAINER CO. LTD.	THAILAND	D0008579443	26/09453		4/6/2026	YD50316	088-1DB321-01F	PAPER BOX	NMB REV.A	DORADO 10D	1	3000	PCS	27.75	83250	5827.5	89077.5	BT		*	RECEIVED AT PBASS COMPLETE	48000	9900	38100	ACTIVE
T2	71	DM	71DM	T271DM	SPINDLE MOTOR	ASSY	E-PRO	2009814	UNITED CONTAINER CO. LTD.	THAILAND	D0008579443	26/09453		4/6/2026	YD50317	088-1DB320-01F	COVER PAD	NMB REV.A	DORADO 10D	1	600	PCS	9.28	5568	389.76	5957.76	BT		*	RECEIVED AT PBASS COMPLETE	9000	2500	6500	ACTIVE
T2	71	DM	71DM	T271DM	SPINDLE MOTOR	ASSY	E-PRO	2009814	UNITED CONTAINER CO. LTD.	THAILAND	D0008579443	26/09453		4/6/2026	YD50318	088-1DB322-01F	BOTTOM PAD	NMB REV.A	DORADO 10D	1	250	PCS	11.5	2875	201.25	3076.25	BT		*	RECEIVED AT PBASS COMPLETE	5000	910	4090	ACTIVE
T2	71	DM	71DM	T271DM	SPINDLE MOTOR	ASSY	E-PRO	2009814	UNITED CONTAINER CO. LTD.	THAILAND	D0008579443	26/09453		4/6/2026	YD50323	088-1LK303-01F	CONNER PAPER	SIZE 100X10X1010 MM(NMB REV.A)	DORADO 10D	1	900	PCS	32	28800	2016	30816	BT		*	RECEIVED AT PBASS COMPLETE	11000	1350	9650	ACTIVE
T2	71	DM	71DM	T271DM	SPINDLE MOTOR	ASSY	E-PRO	2009814	UNITED CONTAINER CO. LTD.	THAILAND	D0008585545	26/09582		5/6/2026	YD50314	088-ALL303-01F	SLEEVE BOX	(NMB REV.A)	ALL MODEL	2	80	PCS	106.85	8548	598.36	9146.36	BT		*	RECEIVED AT PBASS COMPLETE	2330	410	1920	ACTIVE
T2	71	DM	71DM	T271DM	SPINDLE MOTOR	ASSY	E-PRO	2009814	UNITED CONTAINER CO. LTD.	THAILAND	D0008585545	26/09582		5/6/2026	YD50315	088-1AH306-01F	COVER	TOP/BOTTOM	DORADO 10D	2	114	PCS	50.7	5779.8	404.59	6184.39	BT		*	RECEIVED AT PBASS COMPLETE	4230	854	3376	ACTIVE
T2	71	DM	71DM	T271DM	SPINDLE MOTOR	ASSY	E-PRO	2009814	UNITED CONTAINER CO. LTD.	THAILAND	D0008585545	26/09582		5/6/2026	YD50316	088-1DB321-01F	PAPER BOX	NMB REV.A	DORADO 10D	2	1900	PCS	27.75	52725	3690.75	56415.75	BT		*	RECEIVED AT PBASS COMPLETE	48000	9900	38100	ACTIVE
T2	71	DM	71DM	T271DM	SPINDLE MOTOR	ASSY	E-PRO	2009814	UNITED CONTAINER CO. LTD.	THAILAND	D0008585545	26/09582		5/6/2026	YD50317	088-1DB320-01F	COVER PAD	NMB REV.A	DORADO 10D	2	400	PCS	9.28	3712	259.84	3971.84	BT		*	RECEIVED AT PBASS COMPLETE	9000	2500	6500	ACTIVE
T2	71	DM	71DM	T271DM	SPINDLE MOTOR	ASSY	E-PRO	2009814	UNITED CONTAINER CO. LTD.	THAILAND	D0008585545	26/09582		5/6/2026	YD50318	088-1DB322-01F	BOTTOM PAD	NMB REV.A	DORADO 10D	2	60	PCS	11.5	690	48.3	738.3	BT		*	RECEIVED AT PBASS COMPLETE	5000	910	4090	ACTIVE
T2	71	DM	71DM	T271DM	SPINDLE MOTOR	ASSY	E-PRO	2009814	UNITED CONTAINER CO. LTD.	THAILAND	D0008585545	26/09582		5/6/2026	YD50322	088-10300-76	CORNER PAPER S	SIZE 40X4X120 MM (NMB REV.A)	IRIS SLIM V1	1	1000	PCS	0.96	960	67.2	1027.2	BT		*	RECEIVED AT PBASS COMPLETE	20000	2000	18000	ACTIVE
T2	71	DM	71DM	T271DM	SPINDLE MOTOR	ASSY	E-PRO	2009814	UNITED CONTAINER CO. LTD.	THAILAND	D0008587114	26/09615		6/6/2026	YD50314	088-ALL303-01F	SLEEVE BOX	(NMB REV.A)	ALL MODEL	3	110	PCS	106.85	11753.5	822.75	12576.25	BT		*	RECEIVED AT PBASS COMPLETE	2330	410	1920	ACTIVE
T2	71	DM	71DM	T271DM	SPINDLE MOTOR	ASSY	E-PRO	2009814	UNITED CONTAINER CO. LTD.	THAILAND	D0008587114	26/09615		6/6/2026	YD50315	088-1AH306-01F	COVER	TOP/BOTTOM	DORADO 10D	3	240	PCS	50.7	12168	851.76	13019.76	BT		*	RECEIVED AT PBASS COMPLETE	4230	854	3376	ACTIVE
T2	71	DM	71DM	T271DM	SPINDLE MOTOR	ASSY	E-PRO	2009814	UNITED CONTAINER CO. LTD.	THAILAND	D0008587114	26/09615		6/6/2026	YD50316	088-1DB321-01F	PAPER BOX	NMB REV.A	DORADO 10D	3	2500	PCS	27.75	69375	4856.25	74231.25	BT		*	RECEIVED AT PBASS COMPLETE	48000	9900	38100	ACTIVE
T2	71	DM	71DM	T271DM	SPINDLE MOTOR	ASSY	E-PRO	2009814	UNITED CONTAINER CO. LTD.	THAILAND	D0008587114	26/09615		6/6/2026	YD50317	088-1DB320-01F	COVER PAD	NMB REV.A	DORADO 10D	3	500	PCS	9.28	4640	324.8	4964.8	BT		*	RECEIVED AT PBASS COMPLETE	9000	2500	6500	ACTIVE
T2	71	DM	71DM	T271DM	SPINDLE MOTOR	ASSY	E-PRO	2009814	UNITED CONTAINER CO. LTD.	THAILAND	D0008587114	26/09615		6/6/2026	YD50318	088-1DB322-01F	BOTTOM PAD	NMB REV.A	DORADO 10D	3	200	PCS	11.5	2300	161	2461	BT		*	RECEIVED AT PBASS COMPLETE	5000	910	4090	ACTIVE
T2	71	DM	71DM	T271DM	SPINDLE MOTOR	ASSY	E-PRO	2009814	UNITED CONTAINER CO. LTD.	THAILAND	D0008587114	26/09615		6/6/2026	YD50322	088-10300-76	CORNER PAPER S	SIZE 40X4X120 MM (NMB REV.A)	IRIS SLIM V1	2	1000	PCS	0.96	960	67.2	1027.2	BT		*	RECEIVED AT PBASS COMPLETE	20000	2000	18000	ACTIVE
T2	71	DM	71DM	T271DM	SPINDLE MOTOR	ASSY	E-PRO	2009814	UNITED CONTAINER CO. LTD.	THAILAND	D0008588443	26/09664		6/6/2026	YD50317	088-1DB320-01F	COVER PAD	NMB REV.A	DORADO 10D	4	300	PCS	9.28	2784	194.88	2978.88	BT		*	RECEIVED AT PBASS COMPLETE	9000	2500	6500	ACTIVE
T2	71	DM	71DM	T271DM	SPINDLE MOTOR	ASSY	E-PRO	2009814	UNITED CONTAINER CO. LTD.	THAILAND	D0008588443	26/09664		6/6/2026	YD50318	088-1DB322-01F	BOTTOM PAD	NMB REV.A	DORADO 10D	4	100	PCS	11.5	1150	80.5	1230.5	BT		*	RECEIVED AT PBASS COMPLETE	5000	910	4090	ACTIVE
T2	71	DM	71DM	T271DM	SPINDLE MOTOR	ASSY	E-PRO	2009814	UNITED CONTAINER CO. LTD.	THAILAND	D0008589115	26/09689		8/6/2026	YD50314	088-ALL303-01F	SLEEVE BOX	(NMB REV.A)	ALL MODEL	4	120	PCS	106.85	12822	897.54	13719.54	BT		*	RECEIVED AT PBASS COMPLETE	2330	410	1920	ACTIVE
T2	71	DM	71DM	T271DM	SPINDLE MOTOR	ASSY	E-PRO	2009814	UNITED CONTAINER CO. LTD.	THAILAND	D0008589115	26/09689		8/6/2026	YD50315	088-1AH306-01F	COVER	TOP/BOTTOM	DORADO 10D	4	150	PCS	50.7	7605	532.35	8137.35	BT		*	RECEIVED AT PBASS COMPLETE	4230	854	3376	ACTIVE
T2	71	DM	71DM	T271DM	SPINDLE MOTOR	ASSY	E-PRO	2009814	UNITED CONTAINER CO. LTD.	THAILAND	D0008589115	26/09689		8/6/2026	YD50316	088-1DB321-01F	PAPER BOX	NMB REV.A	DORADO 10D	4	2500	PCS	27.75	69375	4856.25	74231.25	BT		*	RECEIVED AT PBASS COMPLETE	48000	9900	38100	ACTIVE
T2	71	DM	71DM	T271DM	SPINDLE MOTOR	ASSY	E-PRO	2009814	UNITED CONTAINER CO. LTD.	THAILAND	D0008589115	26/09689		8/6/2026	YD50317	088-1DB320-01F	COVER PAD	NMB REV.A	DORADO 10D	5	500	PCS	9.28	4640	324.8	4964.8	BT		*	RECEIVED AT PBASS COMPLETE	9000	2500	6500	ACTIVE
T2	71	DM	71DM	T271DM	SPINDLE MOTOR	ASSY	E-PRO	2009814	UNITED CONTAINER CO. LTD.	THAILAND	D0008589115	26/09689		8/6/2026	YD50318	088-1DB322-01F	BOTTOM PAD	NMB REV.A	DORADO 10D	5	200	PCS	11.5	2300	161	2461	BT		*	RECEIVED AT PBASS COMPLETE	5000	910	4090	ACTIVE
T2	71	DM	71DM	T271DM	SPINDLE MOTOR	ASSY	E-PRO	2009814	UNITED CONTAINER CO. LTD.	THAILAND	D0008589115	26/09689		8/6/2026	YD50323	088-1LK303-01F	CONNER PAPER	SIZE 100X10X1010 MM(NMB REV.A)	DORADO 10D	2	450	PCS	32	14400	1008	15408	BT		*	RECEIVED AT PBASS COMPLETE	11000	1350	9650	ACTIVE
T2	71	DM	71DM	T271DM	SPINDLE MOTOR	ASSY	E-PRO	2009814	UNITED CONTAINER CO. LTD.	THAILAND	D0008590218	26/09737		8/6/2026	YD50317	088-1DB320-01F	COVER PAD	NMB REV.A	DORADO 10D	6	200	PCS	9.28	1856	129.92	1985.92	BT		*	RECEIVED AT PBASS COMPLETE	9000	2500	6500	ACTIVE
T2	71	DM	71DM	T271DM	SPINDLE MOTOR	ASSY	E-PRO	2009814	UNITED CONTAINER CO. LTD.	THAILAND	D0008590218	26/09737		8/6/2026	YD50318	088-1DB322-01F	BOTTOM PAD	NMB REV.A	DORADO 10D	6	100	PCS	11.5	1150	80.5	1230.5	BT		*	RECEIVED AT PBASS COMPLETE	5000	910	4090	ACTIVE
T2	71	DM	71DM	T271DM	SPINDLE MOTOR	ASSY	E-PRO	2009863	INNOVATRADE CORPORATION LTD.	THAILAND	D0008534898	INV0106001		1/6/2026	YE3034W	322X232X45MM	INJECTION TRAY (NATURAL)	QUO.INC23/07-001	A4481GENERI	1	810	PCS	415	336150	23530.5	359680.5	BT		*	RECEIVED AT PBASS COMPLETE	810	810	0	CLOSED
T2	71	DM	71DM	T271DM	SPINDLE MOTOR	ASSY	E-PRO	2048828	FUJIKURA ELECTRONICS (THAILAND) LTD.	THAILAND	D0008576701	PLG2304		4/6/2026	YD49610	1116-590-00034	FPC	(NMB REV.D)	V11 4D/CM5	1	100000	PCS	1.91	191000	13370	204370	BT		*	RECEIVED AT PBASS COMPLETE	500000	300000	200000	ACTIVE
T2	71	DM	71DM	T271DM	SPINDLE MOTOR	ASSY	E-PRO	2048828	FUJIKURA ELECTRONICS (THAILAND) LTD.	THAILAND	D0008576710	PLG2305		4/6/2026	YD49615	1115-590-00007	FPC	(NMB REV.E)	V11 1D/CIMARR3D	2	200000	PCS	1.822	364400	25508	389908	BT		*	RECEIVED AT PBASS COMPLETE	600000	600000	0	CLOSED
T2	71	DM	71DM	T271DM	SPINDLE MOTOR	ASSY	E-PRO	2048828	FUJIKURA ELECTRONICS (THAILAND) LTD.	THAILAND	D0008576724	PLG2306		4/6/2026	YD49606	1115-590-00028	FPC	(NMB REV.D)	ROSEWOOD 1D LC	1	50000	PCS	2.3	115000	8050	123050	BT		*	RECEIVED AT PBASS COMPLETE	50000	50000	0	CLOSED
T2	71	DM	71DM	T271DM	SPINDLE MOTOR	ASSY	E-PRO	2048828	FUJIKURA ELECTRONICS (THAILAND) LTD.	THAILAND	D0008576732	PLG2307		4/6/2026	YD49605	1118-590-00036	FPC	D0000457711 REV.A(NMB REV.F)	M11P 5D	1	30000	PCS	1.92	57600	4032	61632	BT		*	RECEIVED AT PBASS COMPLETE	30000	30000	0	CLOSED
T2	71	DM	71DM	T271DM	SPINDLE MOTOR	ASSY	E-PRO	2048828	FUJIKURA ELECTRONICS (THAILAND) LTD.	THAILAND	D0008584416	PLG2358		5/6/2026	YD49610	1116-590-00034	FPC	(NMB REV.D)	V11 4D/CM5	2	200000	PCS	1.91	382000	26740	408740	BT		*	RECEIVED AT PBASS COMPLETE	500000	300000	200000	ACTIVE
T2	71	DM	71DM	T271DM	SPINDLE MOTOR	ASSY	E-PRO	2048828	FUJIKURA ELECTRONICS (THAILAND) LTD.	THAILAND	D0008584428	PLG2359		5/6/2026	YD49615	1115-590-00007	FPC	(NMB REV.E)	V11 1D/CIMARR3D	3	200000	PCS	1.822	364400	25508	389908	BT		*	RECEIVED AT PBASS COMPLETE	600000	600000	0	CLOSED
T2	71	DM	71DM	T271DM	SPINDLE MOTOR	ASSY	E-PRO	2060183	NA CALTECHNOLOGIES CO. LTD.	THAILAND	D0008584529	IC2606793		4/6/2026	YE3509W	BTGE200CN	CALIBRATION DIGITAL TORQUE GAUGE	NA-CAL-26-05-1026		1	1	PCS	1200	1200	84	1284	BT		*	RECEIVED AT PBASS COMPLETE	1	1	0	CLOSED
T2	71	DM	71DM	T271DM	SPINDLE MOTOR	ASSY	E-PRO	2060584	BOYD TECHNOLOGIES (THAILAND) CO.  LTD.	THAILAND	D0008583420	CD2026003849		4/6/2026	YD49487	BC02699-H	RIBBON	85MMX450M (FADE OUT)		1	12	ROL	53.79	645.48	45.18	690.66	UD		*	RECEIVED AT PBASS COMPLETE	12	12	0	CLOSED
T2	71	DM	71DM	T271DM	SPINDLE MOTOR	ASSY	E-PRO	2060584	BOYD TECHNOLOGIES (THAILAND) CO.  LTD.	THAILAND	D0008583423	CD2026003848		4/6/2026	YD49486	BC02699	RIBBON	85MMX450M (FADE OUT)		1	24	ROL	53.79	1290.96	90.37	1381.33	UD		*	RECEIVED AT PBASS COMPLETE	24	24	0	CLOSED
T2	71	DM	71DM	T271DM	SPINDLE MOTOR	ASSY	E-PRO	2060584	BOYD TECHNOLOGIES (THAILAND) CO.  LTD.	THAILAND	D0008585872	CD2026003922		5/6/2026	YD49471	1106-670-00007	LABEL	BLANK (NMB REV.A)	ROSEWOOD 1D LC	1	480000	PCS	0.0242	11616	813.12	12429.12	UD		*	RECEIVED AT PBASS COMPLETE	480000	480000	0	CLOSED
T2	71	DM	71DM	T271DM	SPINDLE MOTOR	ASSY	E-PRO	2060797	I.E. PRECISION CO.  LTD.	THAILAND	D0008582897	INV26-06-007		4/6/2026	YDD2579	TPEM64-030-011-	FIXTURE FOR PRESS FPC TO BASE	QT-2604-219/ PDFN2604101		1	1	SET	27625	27625	1933.75	29558.75	BT		*	RECEIVED AT PBASS COMPLETE	1	1	0	CLOSED
T2	71	DM	71DM	T271DM	SPINDLE MOTOR	ASSY	E-PRO	2060797	I.E. PRECISION CO.  LTD.	THAILAND	D0008582911	INV26-06-008		4/6/2026	YDD2415	TPEN24-031-010	SUPPORT BASE	QT-2604-181/ PDFN2604101		1	8	PCS	800	6400	448	6848	BT		*	RECEIVED AT PBASS COMPLETE	8	8	0	CLOSED
T2	71	DM	71DM	T271DM	SPINDLE MOTOR	ASSY	E-PRO	2060797	I.E. PRECISION CO.  LTD.	THAILAND	D0008582929	INV26-06-009		4/6/2026	YDD2671	D22012-07-23	COVER	QT-2605-070/MMCR2410019		1	2	PCS	1500	3000	210	3210	BT		*	RECEIVED AT PBASS COMPLETE	2	2	0	CLOSED
T2	71	DM	71DM	T271DM	SPINDLE MOTOR	ASSY	E-PRO	2060917	CHANITA 54 TECHNOLOGY CO.  LTD.	THAILAND	D0008580719	690769		4/6/2026	YD50073	5130-0.25-B-H	NEEDLE	"0.25""LENGTH(LAVENDER)SUS STEEL TIP"	ALL MODEL	1	100	PCS	21	2100	147	2247	BT		*	RECEIVED AT PBASS COMPLETE	100	100	0	CLOSED
T2	71	DM	71DM	T271DM	SPINDLE MOTOR	ASSY	E-PRO	2060917	CHANITA 54 TECHNOLOGY CO.  LTD.	THAILAND	D0008580719	690769		4/6/2026	YD50084	7018080	NEEDLE	"FLEXIBLE TIPS 1.5""LENGTH (AMBER)"	V135/2025RE	1	50	PCS	36	1800	126	1926	BT		*	RECEIVED AT PBASS COMPLETE	50	50	0	CLOSED
T2	71	DM	71DM	T271DM	SPINDLE MOTOR	ASSY	E-PRO	2060917	CHANITA 54 TECHNOLOGY CO.  LTD.	THAILAND	D0008580719	690769		4/6/2026	YD50095	5130-B	NEEDLE	"1/2""LENGTH(LAVENDER)SUS STEEL TIPS"	ALL MODEL	1	100	PCS	15	1500	105	1605	BT		*	RECEIVED AT PBASS COMPLETE	100	100	0	CLOSED
T2	71	DM	71DM	T271DM	SPINDLE MOTOR	ASSY	E-PRO	2060917	CHANITA 54 TECHNOLOGY CO.  LTD.	THAILAND	D0008580719	690769		4/6/2026	YD50099	5120PP-B	NEEDLE	"PINK PLASTIC 1 1/2""LONG"	"1 1/2""LONG"	1	200	PCS	27.5	5500	385	5885	BT		*	RECEIVED AT PBASS COMPLETE	200	200	0	CLOSED
T2	71	DM	71DM	T271DM	SPINDLE MOTOR	ASSY	E-PRO	2060917	CHANITA 54 TECHNOLOGY CO.  LTD.	THAILAND	D0008580725	690767		4/6/2026	YE3582W		END CAP (20EA/BOX) BLUE	QUO.V320/2022		1	60	PCS	17	1020	71.4	1091.4	BT		*	RECEIVED AT PBASS COMPLETE	60	60	0	CLOSED
T2	71	DM	71DM	T271DM	SPINDLE MOTOR	ASSY	E-PRO	2060917	CHANITA 54 TECHNOLOGY CO.  LTD.	THAILAND	D0008580725	690767		4/6/2026	YE3583W		END CAP (20EA/BOX) BLUE	QUO.V320/2022		1	40	PCS	17	680	47.6	727.6	BT		*	RECEIVED AT PBASS COMPLETE	40	40	0	CLOSED
T2	71	DM	71DM	T271DM	SPINDLE MOTOR	ASSY	E-PRO	2060917	CHANITA 54 TECHNOLOGY CO.  LTD.	THAILAND	D0008580725	690767		4/6/2026	YE3584W		PISTON 5CC(40EA/BOX) WHITE	QUO.V320/2022		1	40	PCS	14.5	580	40.6	620.6	BT		*	RECEIVED AT PBASS COMPLETE	40	40	0	CLOSED
T2	71	DM	71DM	T271DM	SPINDLE MOTOR	ASSY	E-PRO	2060917	CHANITA 54 TECHNOLOGY CO.  LTD.	THAILAND	D0008580730	690768		4/6/2026	YD49618	206525-800-H	NEEDLE	45 C BENT FOR NYEBAR DISPENSER	5122LI-B-45BLUE	1	200	PCS	39	7800	546	8346	BT		*	RECEIVED AT PBASS COMPLETE	200	200	0	CLOSED
T2	71	DM	71DM	T271DM	SPINDLE MOTOR	ASSY	E-PRO	2060917	CHANITA 54 TECHNOLOGY CO.  LTD.	THAILAND	D0008580730	690768		4/6/2026	YD49619	5125-B-H	STAINLESS STEEL TIPS	-	ALL MODEL	1	100	PCS	14	1400	98	1498	BT		*	RECEIVED AT PBASS COMPLETE	100	100	0	CLOSED
T2	71	DM	71DM	T271DM	SPINDLE MOTOR	ASSY	E-PRO	2060993	PANICOM AI CO.  LTD.	THAILAND	D0008577194	IV2600096		4/6/2026	YDD2577	NB250083-030-04	BOX FEEDER 43	QN-B260034/PEMM2604031		1	1	PCS	14000	14000	980	14980	BT		*	RECEIVED AT PBASS COMPLETE	1	1	0	CLOSED
T2	71	DM	71DM	T271DM	SPINDLE MOTOR	ASSY	E-PRO	2061024	MAXPRO PACK CORP CO.  LTD.	THAILAND	D0008579021	IV6902582		4/6/2026	YD50520	088-10300-163	PLASTIC FILM	MH-50-400-15	ALL MODEL	1	60	ROL	205	12300	861	13161	BT		*	RECEIVED AT PBASS COMPLETE	240	60	180	ACTIVE
T2	71	DM	71DM	T271DM	SPINDLE MOTOR	ASSY	E-PRO	2061267	NOK PRECISION COMPONENT (THAILAND) LTD.	THAILAND	D0008580826	DIIQ1110		4/6/2026	YDD2461	1123-840-00001A	RAMP	NOK  D760626300 REV.B (NMB REV.B)	SUMMIT 10D	1	29232	PCS	23.02	672920.64	47104.44	720025.08	BT		*	RECEIVED AT PBASS COMPLETE	907200	241920	665280	ACTIVE
T2	71	DM	71DM	T271DM	SPINDLE MOTOR	ASSY	E-PRO	2061267	NOK PRECISION COMPONENT (THAILAND) LTD.	THAILAND	D0008580832	DIIQ1111		4/6/2026	YDD2461	1123-840-00001A	RAMP	NOK  D760626300 REV.B (NMB REV.B)	SUMMIT 10D	2	32256	PCS	23.02	742533.12	51977.32	794510.44	BT		*	RECEIVED AT PBASS COMPLETE	907200	241920	665280	ACTIVE
T2	71	DM	71DM	T271DM	SPINDLE MOTOR	ASSY	E-PRO	2061267	NOK PRECISION COMPONENT (THAILAND) LTD.	THAILAND	D0008580834	DIIQ1112		4/6/2026	YDD2461	1123-840-00001A	RAMP	NOK  D760626300 REV.B (NMB REV.B)	SUMMIT 10D	3	34272	PCS	23.02	788941.44	55225.9	844167.34	BT		*	RECEIVED AT PBASS COMPLETE	907200	241920	665280	ACTIVE
T2	71	DM	71DM	T271DM	SPINDLE MOTOR	ASSY	E-PRO	2061267	NOK PRECISION COMPONENT (THAILAND) LTD.	THAILAND	D0008580841	DIIQ1113		4/6/2026	YDD2461	1123-840-00001A	RAMP	NOK  D760626300 REV.B (NMB REV.B)	SUMMIT 10D	4	1008	PCS	23.02	23204.16	1624.29	24828.45	BT		*	RECEIVED AT PBASS COMPLETE	907200	241920	665280	ACTIVE
T2	71	DM	71DM	T271DM	SPINDLE MOTOR	ASSY	E-PRO	2061267	NOK PRECISION COMPONENT (THAILAND) LTD.	THAILAND	D0008580844	DIIQ1115		4/6/2026	YDD2462	1123-840-00006A	RAMP	NOK D760818400 REV.A(NMB REV.A)	MARLIN 10D	1	17136	PCS	23.01	394299.36	27600.96	421900.32	BT		*	RECEIVED AT PBASS COMPLETE	85680	85680	0	CLOSED
T2	71	DM	71DM	T271DM	SPINDLE MOTOR	ASSY	E-PRO	2061267	NOK PRECISION COMPONENT (THAILAND) LTD.	THAILAND	D0008580850	DIIQ1126		4/6/2026	YDD2463	1124-840-00004A	RAMP	NOK D762362900 REV.B (NMB REV.A)	DORADO 10D	1	48384	PCS	23.77	1150087.68	80506.14	1230593.82	BT		*	RECEIVED AT PBASS COMPLETE	153216	96768	56448	ACTIVE
T2	71	DM	71DM	T271DM	SPINDLE MOTOR	ASSY	E-PRO	2061267	NOK PRECISION COMPONENT (THAILAND) LTD.	THAILAND	D0008580861	DIIQ1118		4/6/2026	YDD2454	1116-840-00005	RAMP	NO.D726470800 REV.C(NMB REV.A)	SKYBOLT 1 2D	1	7056	PCS	7.76	54754.56	3832.82	58587.38	BT		*	RECEIVED AT PBASS COMPLETE	21168	21168	0	CLOSED
T2	71	DM	71DM	T271DM	SPINDLE MOTOR	ASSY	E-PRO	2061267	NOK PRECISION COMPONENT (THAILAND) LTD.	THAILAND	D0008580872	DIIQ1119		4/6/2026	YDD2454	1116-840-00005	RAMP	NO.D726470800 REV.C(NMB REV.A)	SKYBOLT 1 2D	2	14112	PCS	7.76	109509.12	7665.64	117174.76	BT		*	RECEIVED AT PBASS COMPLETE	21168	21168	0	CLOSED
T2	71	DM	71DM	T271DM	SPINDLE MOTOR	ASSY	E-PRO	2061267	NOK PRECISION COMPONENT (THAILAND) LTD.	THAILAND	D0008580890	DIIQ1117		4/6/2026	YDD2453	1115-840-00018	RAMP	D724423900 REV.B(NMB REV.B)	SKYBOLT 3 4D	1	59976	PCS	15.6	935625.6	65493.79	1001119.39	BT		*	RECEIVED AT PBASS COMPLETE	74088	74088	0	CLOSED
T2	71	DM	71DM	T271DM	SPINDLE MOTOR	ASSY	E-PRO	2061267	NOK PRECISION COMPONENT (THAILAND) LTD.	THAILAND	D0008580905	DIIQ1123		4/6/2026	YDD2455	1119-840-00010	RAMP	D741001900 REV.B(NMB REV.A)	CIMARRON BP 3D	1	20736	PCS	13.02	269982.72	18898.79	288881.51	BT		*	RECEIVED AT PBASS COMPLETE	29376	20736	8640	ACTIVE
T2	71	DM	71DM	T271DM	SPINDLE MOTOR	ASSY	E-PRO	2061267	NOK PRECISION COMPONENT (THAILAND) LTD.	THAILAND	D0008580909	DIIQ1121		4/6/2026	YDD2456	1119-840-00009	RAMP	D741001800 REV.A (NMB REV.A)	CIMARRON BP 4D	1	81216	PCS	14.65	1189814.4	83287.01	1273101.41	BT		*	RECEIVED AT PBASS COMPLETE	162432	124416	38016	ACTIVE
T2	71	DM	71DM	T271DM	SPINDLE MOTOR	ASSY	E-PRO	2061267	NOK PRECISION COMPONENT (THAILAND) LTD.	THAILAND	D0008580916	DIIQ1120		4/6/2026	YDD2457	1119-840-00008	RAMP	NO.D740979900 REV.A(NMB REV.A)	CIMARRON BP 5D	1	31968	PCS	16.33	522037.44	36542.62	558580.06	BT		*	RECEIVED AT PBASS COMPLETE	31968	31968	0	CLOSED
T2	71	DM	71DM	T271DM	SPINDLE MOTOR	ASSY	E-PRO	2061267	NOK PRECISION COMPONENT (THAILAND) LTD.	THAILAND	D0008580921	DIIQ1124		4/6/2026	YDD2458	1121-840-00004	RAMP	D752378400 REV.B(NMB REV.A)	V15CMR 1D IRIS	1	22688	PCS	8.97	203511.36	14245.8	217757.16	BT		*	RECEIVED AT PBASS COMPLETE	22688	22688	0	CLOSED
T2	71	DM	71DM	T271DM	SPINDLE MOTOR	ASSY	E-PRO	2061267	NOK PRECISION COMPONENT (THAILAND) LTD.	THAILAND	D0008580935	DIIQ1122		4/6/2026	YDD2459	1120-840-00022	RAMP	D750337100 REV.E(NMB REV.A)	V15CMR 2D IRIS	1	92736	PCS	9.26	858735.36	60111.48	918846.84	BT		*	RECEIVED AT PBASS COMPLETE	362880	185472	177408	ACTIVE
T2	71	DM	71DM	T271DM	SPINDLE MOTOR	ASSY	E-PRO	2061267	NOK PRECISION COMPONENT (THAILAND) LTD.	THAILAND	D0008580939	DIIQ1125		4/6/2026	YDD2460	1120-840-00019	RAMP	D750261200 REV.E (NMB REV.A)	V15CMR 4D	1	38880	PCS	15.54	604195.2	42293.66	646488.86	BT		*	RECEIVED AT PBASS COMPLETE	77760	77760	0	CLOSED
T2	71	DM	71DM	T271DM	SPINDLE MOTOR	ASSY	E-PRO	2061267	NOK PRECISION COMPONENT (THAILAND) LTD.	THAILAND	D0008581036	DIIQ1116		4/6/2026	YDD2462	1123-840-00006A	RAMP	NOK D760818400 REV.A(NMB REV.A)	MARLIN 10D	2	31248	PCS	23.01	719016.48	50331.15	769347.63	BT		*	RECEIVED AT PBASS COMPLETE	85680	85680	0	CLOSED
T2	71	DM	71DM	T271DM	SPINDLE MOTOR	ASSY	E-PRO	2061267	NOK PRECISION COMPONENT (THAILAND) LTD.	THAILAND	D0008581658	DIIQ1114		4/6/2026	YD50853	1126-840-00004A	RAMP	NOK D766287300 REV.A (NMB REV.A)	SUMMIT 10D	1	900	PCS	23.75	21375	1496.25	22871.25	BT		*	RECEIVED AT PBASS COMPLETE	900	900	0	CLOSED
T2	71	DM	71DM	T271DM	SPINDLE MOTOR	ASSY	E-PRO	2061267	NOK PRECISION COMPONENT (THAILAND) LTD.	THAILAND	D0008581671	DIIQ1127		4/6/2026	YD50943	1126-840-00005A	RAMP	NOK   D766212400 REV.B (NMB REV.A)	DORADO 10D	1	300	PCS	25.01	7503	525.21	8028.21	BT		*	RECEIVED AT PBASS COMPLETE	300	300	0	CLOSED
T2	71	DM	71DM	T271DM	SPINDLE MOTOR	ASSY	E-PRO	2061267	NOK PRECISION COMPONENT (THAILAND) LTD.	THAILAND	D0008589586	DIIQ1150		8/6/2026	YDD2462	1123-840-00006A	RAMP	NOK D760818400 REV.A(NMB REV.A)	MARLIN 10D	3	15120	PCS	23.01	347911.2	24353.78	372264.98	BT		*	RECEIVED AT PBASS COMPLETE	85680	85680	0	CLOSED
T2	71	DM	71DM	T271DM	SPINDLE MOTOR	ASSY	E-PRO	2061267	NOK PRECISION COMPONENT (THAILAND) LTD.	THAILAND	D0008589589	DIIQ1151		8/6/2026	YDD2462	1123-840-00006A	RAMP	NOK D760818400 REV.A(NMB REV.A)	MARLIN 10D	4	15120	PCS	23.01	347911.2	24353.78	372264.98	BT		*	RECEIVED AT PBASS COMPLETE	85680	85680	0	CLOSED
T2	71	DM	71DM	T271DM	SPINDLE MOTOR	ASSY	E-PRO	2061267	NOK PRECISION COMPONENT (THAILAND) LTD.	THAILAND	D0008589590	DIIQ1152		8/6/2026	YDD2462	1123-840-00006A	RAMP	NOK D760818400 REV.A(NMB REV.A)	MARLIN 10D	5	7056	PCS	23.01	162358.56	11365.1	173723.66	BT		*	RECEIVED AT PBASS COMPLETE	85680	85680	0	CLOSED
T2	71	DM	71DM	T271DM	SPINDLE MOTOR	ASSY	E-PRO	2061267	NOK PRECISION COMPONENT (THAILAND) LTD.	THAILAND	D0008589592	DIIQ1145		8/6/2026	YDD2461	1123-840-00001A	RAMP	NOK  D760626300 REV.B (NMB REV.B)	SUMMIT 10D	5	39312	PCS	23.02	904962.24	63347.36	968309.6	BT		*	RECEIVED AT PBASS COMPLETE	907200	241920	665280	ACTIVE
T2	71	DM	71DM	T271DM	SPINDLE MOTOR	ASSY	E-PRO	2061267	NOK PRECISION COMPONENT (THAILAND) LTD.	THAILAND	D0008589593	DIIQ1146		8/6/2026	YDD2461	1123-840-00001A	RAMP	NOK  D760626300 REV.B (NMB REV.B)	SUMMIT 10D	6	36288	PCS	23.02	835349.76	58474.48	893824.24	BT		*	RECEIVED AT PBASS COMPLETE	907200	241920	665280	ACTIVE
T2	71	DM	71DM	T271DM	SPINDLE MOTOR	ASSY	E-PRO	2061267	NOK PRECISION COMPONENT (THAILAND) LTD.	THAILAND	D0008589594	DIIQ1147		8/6/2026	YDD2461	1123-840-00001A	RAMP	NOK  D760626300 REV.B (NMB REV.B)	SUMMIT 10D	7	39312	PCS	23.02	904962.24	63347.36	968309.6	BT		*	RECEIVED AT PBASS COMPLETE	907200	241920	665280	ACTIVE
T2	71	DM	71DM	T271DM	SPINDLE MOTOR	ASSY	E-PRO	2061267	NOK PRECISION COMPONENT (THAILAND) LTD.	THAILAND	D0008589595	DIIQ1148		8/6/2026	YDD2461	1123-840-00001A	RAMP	NOK  D760626300 REV.B (NMB REV.B)	SUMMIT 10D	8	28224	PCS	23.02	649716.48	45480.15	695196.63	BT		*	RECEIVED AT PBASS COMPLETE	907200	241920	665280	ACTIVE
T2	71	DM	71DM	T271DM	SPINDLE MOTOR	ASSY	E-PRO	2061267	NOK PRECISION COMPONENT (THAILAND) LTD.	THAILAND	D0008589596	DIIQ1149		8/6/2026	YDD2461	1123-840-00001A	RAMP	NOK  D760626300 REV.B (NMB REV.B)	SUMMIT 10D	9	2016	PCS	23.02	46408.32	3248.58	49656.9	BT		*	RECEIVED AT PBASS COMPLETE	907200	241920	665280	ACTIVE
T2	71	DM	71DM	T271DM	SPINDLE MOTOR	ASSY	E-PRO	2061267	NOK PRECISION COMPONENT (THAILAND) LTD.	THAILAND	D0008589598	DIIQ1158		8/6/2026	YDD2463	1124-840-00004A	RAMP	NOK D762362900 REV.B (NMB REV.A)	DORADO 10D	2	48384	PCS	23.77	1150087.68	80506.14	1230593.82	BT		*	RECEIVED AT PBASS COMPLETE	153216	96768	56448	ACTIVE
T2	71	DM	71DM	T271DM	SPINDLE MOTOR	ASSY	E-PRO	2061267	NOK PRECISION COMPONENT (THAILAND) LTD.	THAILAND	D0008589599	DIIQ1153		8/6/2026	YDD2453	1115-840-00018	RAMP	D724423900 REV.B(NMB REV.B)	SKYBOLT 3 4D	2	14112	PCS	15.6	220147.2	15410.3	235557.5	BT		*	RECEIVED AT PBASS COMPLETE	74088	74088	0	CLOSED
T2	71	DM	71DM	T271DM	SPINDLE MOTOR	ASSY	E-PRO	2061267	NOK PRECISION COMPONENT (THAILAND) LTD.	THAILAND	D0008589600	DIIQ1154		8/6/2026	YDD2456	1119-840-00009	RAMP	D741001800 REV.A (NMB REV.A)	CIMARRON BP 4D	2	43200	PCS	14.65	632880	44301.6	677181.6	BT		*	RECEIVED AT PBASS COMPLETE	162432	124416	38016	ACTIVE
T2	71	DM	71DM	T271DM	SPINDLE MOTOR	ASSY	E-PRO	2061267	NOK PRECISION COMPONENT (THAILAND) LTD.	THAILAND	D0008589601	DIIQ1155		8/6/2026	YDD2459	1120-840-00022	RAMP	D750337100 REV.E(NMB REV.A)	V15CMR 2D IRIS	2	92736	PCS	9.26	858735.36	60111.48	918846.84	BT		*	RECEIVED AT PBASS COMPLETE	362880	185472	177408	ACTIVE
T2	71	DM	71DM	T271DM	SPINDLE MOTOR	ASSY	E-PRO	2061267	NOK PRECISION COMPONENT (THAILAND) LTD.	THAILAND	D0008589604	DIIQ1156		8/6/2026	YDD2460	1120-840-00019	RAMP	D750261200 REV.E (NMB REV.A)	V15CMR 4D	2	31104	PCS	15.54	483356.16	33834.93	517191.09	BT		*	RECEIVED AT PBASS COMPLETE	77760	77760	0	CLOSED
T2	71	DM	71DM	T271DM	SPINDLE MOTOR	ASSY	E-PRO	2061267	NOK PRECISION COMPONENT (THAILAND) LTD.	THAILAND	D0008589606	DIIQ1157		8/6/2026	YDD2460	1120-840-00019	RAMP	D750261200 REV.E (NMB REV.A)	V15CMR 4D	3	7776	PCS	15.54	120839.04	8458.73	129297.77	BT		*	RECEIVED AT PBASS COMPLETE	77760	77760	0	CLOSED
T2	71	DM	71DM	T271DM	SPINDLE MOTOR	ASSY	E-PRO	2103653	PARTS MACHINE PRECISION CO. LTD.	THAILAND	D0008579133	IV6906015		4/6/2026	YE2558W		BASKET 21 MOTOR (ECOATING)	QUO.QTP2506011 REV.05	C4394GENERI	2	116	PCS	1650	191400	13398	204798	BT		*	RECEIVED AT PBASS COMPLETE	150	150	0	CLOSED
T2	71	DM	71DM	T271DM	SPINDLE MOTOR	ASSY	E-PRO	2103653	PARTS MACHINE PRECISION CO. LTD.	THAILAND	D0008579133	IV6906015		4/6/2026	YE2559W	INSERT SUS	MODIFY CUT(6X)&WELD(18X)	QUO.QTP2506011 REV.05	C4394GENERI	2	116	PCS	1315	152540	10677.8	163217.8	BT		*	RECEIVED AT PBASS COMPLETE	150	150	0	CLOSED
T2	71	DM	71DM	T271DM	SPINDLE MOTOR	ASSY	E-PRO	2103653	PARTS MACHINE PRECISION CO. LTD.	THAILAND	D0008579133	IV6906015		4/6/2026	YE2560W		ADD FINGER:TEFLON	QUO.QTP2506011 REV.05	C4394GENERI	2	116	PCS	85	9860	690.2	10550.2	BT		*	RECEIVED AT PBASS COMPLETE	150	150	0	CLOSED
T2	71	DM	71DM	T271DM	SPINDLE MOTOR	ASSY	E-PRO	2103653	PARTS MACHINE PRECISION CO. LTD.	THAILAND	D0008579143	IV6906016		4/6/2026	YE3025W	21 MOTOR	BASKET NEW DESING (COATING)	QUO.QTP2603 016	A4480GENERI	1	70	PCS	5155	360850	25259.5	386109.5	BT		*	RECEIVED AT PBASS COMPLETE	70	70	0	CLOSED
T2	71	DM	71DM	T271DM	SPINDLE MOTOR	ASSY	E-PRO	2103653	PARTS MACHINE PRECISION CO. LTD.	THAILAND	D0008588967	IV6906037		8/6/2026	YD51014	088-10300-76RH	USED CORNER PROTECTOR-S	(NMB REV.A)	ALL MODEL	1	5000	PCS	0.7	3500	245	3745	BT		*	RECEIVED AT PBASS COMPLETE	10000	5000	5000	ACTIVE
T2	71	DM	71DM	T271DM	SPINDLE MOTOR	ASSY	E-PRO	2104111	MEKTEC MANUFACTURING CORP(THAILAND) LTD.	THAILAND	D0008581498	26L1210150	714240	4/6/2026	YD49642	1118-590-00014	FPC	(NMB REV.C)	DORADO 10D	1	714240	PCS	2.6773	1912234.75	133856.43	2046091.18	BT		*	RECEIVED AT PBASS COMPLETE	2856960	714240	2142720	ACTIVE
T2	71	DM	71DM	T271DM	SPINDLE MOTOR	ASSY	E-PRO	2104111	MEKTEC MANUFACTURING CORP(THAILAND) LTD.	THAILAND	D0008581502	26L1210151	138240	4/6/2026	YD49644	1115-590-00028	FPC	(NMB REV.D)	ROSEWOOD 1D LC	2	138240	PCS	2.0537	283903.49	19873.24	303776.73	BT		*	RECEIVED AT PBASS COMPLETE	414720	230400	184320	ACTIVE
T2	71	DM	71DM	T271DM	SPINDLE MOTOR	ASSY	E-PRO	2104111	MEKTEC MANUFACTURING CORP(THAILAND) LTD.	THAILAND	D0008581507	26L1210152	48000	4/6/2026	YD49645	1115-590-00007	FPC	(NMB REV.E)	V11 1D/CIMARR3D	1	48000	PCS	1.8055	86664	6066.48	92730.48	BT		*	RECEIVED AT PBASS COMPLETE	102000	48000	54000	ACTIVE
T2	71	DM	71DM	T271DM	SPINDLE MOTOR	ASSY	E-PRO	2104111	MEKTEC MANUFACTURING CORP(THAILAND) LTD.	THAILAND	D0008581512	26L1210153	48000	4/6/2026	YD49646	1116-590-00034	FPC	(NMB REV.D)	V11 4D/CM5	1	48000	PCS	1.8055	86664	6066.48	92730.48	BT		*	RECEIVED AT PBASS COMPLETE	120000	48000	72000	ACTIVE
T2	71	DM	71DM	T271DM	SPINDLE MOTOR	ASSY	E-PRO	2104111	MEKTEC MANUFACTURING CORP(THAILAND) LTD.	THAILAND	D0008581516	26L1210154	46080	4/6/2026	YD49018	1118-590-00036	FPC	D0000457711 REV.A(NMB REV.F)	M11P 5D	4	46080	PCS	1.2015	55365.12	3875.56	59240.68	BT		*	RECEIVED AT PBASS COMPLETE	138240	111360	26880	ACTIVE
T2	71	DM	71DM	T271DM	SPINDLE MOTOR	ASSY	E-PRO	2106083	THAI KOKOKU RUBBER CO. LTD.	THAILAND	D0008583452	NMB-2606-001		5/6/2026	YD50868	1111-840-00004	CRASH STOP	D0000314435 REV.C(NMB REV.C)	ROSEWOOD 1D LC	1	100000	PCS	1.0024	100240	7016.8	107256.8	BT		*	RECEIVED AT PBASS COMPLETE	170000	100000	70000	ACTIVE
T2	71	DM	71DM	T271DM	SPINDLE MOTOR	ASSY	E-PRO	2106083	THAI KOKOKU RUBBER CO. LTD.	THAILAND	D0008583464	NMB-2606-002		5/6/2026	YD50857	1114-840-00001C	CRASH STOP	D754075400 REV.A(NMB REV.H)	CIMARRON 5D	1	100000	PCS	0.7314	73140	5119.8	78259.8	BT		*	RECEIVED AT PBASS COMPLETE	480000	100000	380000	ACTIVE
T2	71	DM	71DM	T271DM	SPINDLE MOTOR	ASSY	E-PRO	2106083	THAI KOKOKU RUBBER CO. LTD.	THAILAND	D0008583471	NMB-2606-003		5/6/2026	YD50859	1115-841-00001	CRASH STOP	D0000460366 REV.A(NMB REV.C)	V11 1D	1	300000	PCS	0.8293	248790	17415.3	266205.3	BT		*	RECEIVED AT PBASS COMPLETE	900000	300000	600000	ACTIVE
T2	71	DM	71DM	T271DM	SPINDLE MOTOR	ASSY	E-PRO	2106083	THAI KOKOKU RUBBER CO. LTD.	THAILAND	D0008583502	NMB-2606-004		5/6/2026	YD50861	1121-841-00002C	CRASH STOP	KOKOKU SOLVAY D751809500R.D(NMB.C)	SUMMIT 10D	1	200000	PCS	1.6325	326500	22855	349355	BT		*	RECEIVED AT PBASS COMPLETE	1200000	200000	1000000	ACTIVE
T2	71	DM	71DM	T271DM	SPINDLE MOTOR	ASSY	E-PRO	2106083	THAI KOKOKU RUBBER CO. LTD.	THAILAND	D0008583592	NMB-2606-005		5/6/2026	YD50927	1121-841-00002C	CRASH STOP	KOKOKU SOLVAY D751809500R.D(NMB.C)	SUMMIT 10D	1	700	PCS	1.6325	1142.75	79.99	1222.74	BT		*	RECEIVED AT PBASS COMPLETE	700	700	0	CLOSED
T2	71	DM	71DM	T271DM	SPINDLE MOTOR	ASSY	E-PRO	2106180	AMPORN INTER SYSTEMS CO. LTD.	THAILAND	D0008583698	82290		5/6/2026	YDD2771	SKU001813	LINK CAT5E UTP CABLE(305M/BOX)#U	SV6005-05828	-	1	2	BOX	3850	7700	539	8239	BT		*	RECEIVED AT PBASS COMPLETE	2	2	0	CLOSED
T2	71	DM	71DM	T271DM	SPINDLE MOTOR	ASSY	E-PRO	2107411	E.P.STATIONERY LTD. PART.	THAILAND	D0008577807	IV6903617		4/6/2026	YD50435	S106-402	SCOTH TAPE	3M#810	SIZE:18MMX33MTR	1	24	ROL	65	1560	109.2	1669.2	BT		*	RECEIVED AT PBASS COMPLETE	24	24	0	CLOSED
T2	71	DM	71DM	T271DM	SPINDLE MOTOR	ASSY	E-PRO	2107646	TOLI PACKAGING (THAILAND) CO. LTD.	THAILAND	D0008573272	INV261034		4/6/2026	YD50247	11B5-889-00005	TRAY	TOP D9650014761 REV.B(NMB REV.A)	V11 4D	1	2400	PCS	11.55	27720	1940.4	29660.4	BT		*	RECEIVED AT PBASS COMPLETE	21300	8340	12960	ACTIVE
T2	71	DM	71DM	T271DM	SPINDLE MOTOR	ASSY	E-PRO	2107646	TOLI PACKAGING (THAILAND) CO. LTD.	THAILAND	D0008573272	INV261034		4/6/2026	YD50248	11B6-889-00004	TRAY	BOTTOM D9650014760REV.A(NMB REV.A)	V11 4D	1	2400	PCS	11.55	27720	1940.4	29660.4	BT		*	RECEIVED AT PBASS COMPLETE	21300	8340	12960	ACTIVE
T2	71	DM	71DM	T271DM	SPINDLE MOTOR	ASSY	E-PRO	2107646	TOLI PACKAGING (THAILAND) CO. LTD.	THAILAND	D0008573272	INV261034		4/6/2026	YD50249	11B9-889-00016	TRAY	(TOP) D738337300 REV.A(NMB REV.A)	M11P 5D	1	600	PCS	11.3	6780	474.6	7254.6	BT		*	RECEIVED AT PBASS COMPLETE	8000	1100	6900	ACTIVE
T2	71	DM	71DM	T271DM	SPINDLE MOTOR	ASSY	E-PRO	2107646	TOLI PACKAGING (THAILAND) CO. LTD.	THAILAND	D0008573272	INV261034		4/6/2026	YD50250	11B9-888-00023	TRAY	BOTTOM D738317200 REV.A(NMB REV.A)	M11P 5D	1	600	PCS	11.3	6780	474.6	7254.6	BT		*	RECEIVED AT PBASS COMPLETE	8000	1100	6900	ACTIVE
T2	71	DM	71DM	T271DM	SPINDLE MOTOR	ASSY	E-PRO	2107646	TOLI PACKAGING (THAILAND) CO. LTD.	THAILAND	D0008573272	INV261034		4/6/2026	YD50251	11C0-889-00011	PACKING TRAYS	D749019300REV.A TOP(NMB REV.A)	DORADO 10D	1	10500	PCS	10.08	105840	7408.8	113248.8	BT		*	RECEIVED AT PBASS COMPLETE	238500	53760	184740	ACTIVE
T2	71	DM	71DM	T271DM	SPINDLE MOTOR	ASSY	E-PRO	2107646	TOLI PACKAGING (THAILAND) CO. LTD.	THAILAND	D0008573272	INV261034		4/6/2026	YD50252	11C1-888-00004	PACKING TRAYS	D754617700REV.A BOTTOM (NMB REV.A)	DORADO 10D	1	10500	PCS	10.08	105840	7408.8	113248.8	BT		*	RECEIVED AT PBASS COMPLETE	238500	53760	184740	ACTIVE
T2	71	DM	71DM	T271DM	SPINDLE MOTOR	ASSY	E-PRO	2107646	TOLI PACKAGING (THAILAND) CO. LTD.	THAILAND	D0008573277	INV261035		4/6/2026	YD50253	11B5-889-00001	PACKING TRAYS	TOP	ROSEWOOD 2D	1	600	PCS	11.3	6780	474.6	7254.6	BT		*	RECEIVED AT PBASS COMPLETE	15000	4000	11000	ACTIVE
T2	71	DM	71DM	T271DM	SPINDLE MOTOR	ASSY	E-PRO	2107646	TOLI PACKAGING (THAILAND) CO. LTD.	THAILAND	D0008573277	INV261035		4/6/2026	YD50254	11B5-888-00001	PACKING TRAYS	BOTTOM	ROSEWOOD 2D	1	600	PCS	11.3	6780	474.6	7254.6	BT		*	RECEIVED AT PBASS COMPLETE	15000	4000	11000	ACTIVE
T2	71	DM	71DM	T271DM	SPINDLE MOTOR	ASSY	E-PRO	2107646	TOLI PACKAGING (THAILAND) CO. LTD.	THAILAND	D0008573277	INV261035		4/6/2026	YD50255	11B5-889-00003	TRAY	TOP D718933800 A(NMB REV.A)	V11 1D	1	2400	PCS	10.4	24960	1747.2	26707.2	BT		*	RECEIVED AT PBASS COMPLETE	39000	10800	28200	ACTIVE
T2	71	DM	71DM	T271DM	SPINDLE MOTOR	ASSY	E-PRO	2107646	TOLI PACKAGING (THAILAND) CO. LTD.	THAILAND	D0008573277	INV261035		4/6/2026	YD50256	11B6-889-00002	TRAY	BOTTOM D725925300REV.A(NMB REV.A)	V11 1D	1	2400	PCS	10.4	24960	1747.2	26707.2	BT		*	RECEIVED AT PBASS COMPLETE	39000	10800	28200	ACTIVE
T2	71	DM	71DM	T271DM	SPINDLE MOTOR	ASSY	E-PRO	2107646	TOLI PACKAGING (THAILAND) CO. LTD.	THAILAND	D0008573277	INV261035		4/6/2026	YD50257	11B9-889-00019	PACKING TRAYS	TOP D743036800REVA(NMB REV.A)	CIMARRON 5D	1	2400	PCS	10.4	24960	1747.2	26707.2	BT		*	RECEIVED AT PBASS COMPLETE	53100	11700	41400	ACTIVE
T2	71	DM	71DM	T271DM	SPINDLE MOTOR	ASSY	E-PRO	2107646	TOLI PACKAGING (THAILAND) CO. LTD.	THAILAND	D0008573277	INV261035		4/6/2026	YD50258	11B9-889-00018	PACKING TRAYS	BOTTOM D743037100REV.A(NMB REV.A)	CIMARRON 5D	1	2400	PCS	10.4	24960	1747.2	26707.2	BT		*	RECEIVED AT PBASS COMPLETE	53100	11700	41400	ACTIVE
T2	71	DM	71DM	T271DM	SPINDLE MOTOR	ASSY	E-PRO	2107646	TOLI PACKAGING (THAILAND) CO. LTD.	THAILAND	D0008573280	INV261027		4/6/2026	YD50247	11B5-889-00005	TRAY	TOP D9650014761 REV.B(NMB REV.A)	V11 4D	2	2100	PCS	11.55	24255	1697.85	25952.85	BT		*	RECEIVED AT PBASS COMPLETE	21300	8340	12960	ACTIVE
T2	71	DM	71DM	T271DM	SPINDLE MOTOR	ASSY	E-PRO	2107646	TOLI PACKAGING (THAILAND) CO. LTD.	THAILAND	D0008573280	INV261027		4/6/2026	YD50248	11B6-889-00004	TRAY	BOTTOM D9650014760REV.A(NMB REV.A)	V11 4D	2	2100	PCS	11.55	24255	1697.85	25952.85	BT		*	RECEIVED AT PBASS COMPLETE	21300	8340	12960	ACTIVE
T2	71	DM	71DM	T271DM	SPINDLE MOTOR	ASSY	E-PRO	2107646	TOLI PACKAGING (THAILAND) CO. LTD.	THAILAND	D0008573280	INV261027		4/6/2026	YD50249	11B9-889-00016	TRAY	(TOP) D738337300 REV.A(NMB REV.A)	M11P 5D	2	500	PCS	11.3	5650	395.5	6045.5	BT		*	RECEIVED AT PBASS COMPLETE	8000	1100	6900	ACTIVE
T2	71	DM	71DM	T271DM	SPINDLE MOTOR	ASSY	E-PRO	2107646	TOLI PACKAGING (THAILAND) CO. LTD.	THAILAND	D0008573280	INV261027		4/6/2026	YD50250	11B9-888-00023	TRAY	BOTTOM D738317200 REV.A(NMB REV.A)	M11P 5D	2	500	PCS	11.3	5650	395.5	6045.5	BT		*	RECEIVED AT PBASS COMPLETE	8000	1100	6900	ACTIVE
T2	71	DM	71DM	T271DM	SPINDLE MOTOR	ASSY	E-PRO	2107646	TOLI PACKAGING (THAILAND) CO. LTD.	THAILAND	D0008573280	INV261027		4/6/2026	YD50251	11C0-889-00011	PACKING TRAYS	D749019300REV.A TOP(NMB REV.A)	DORADO 10D	2	10200	PCS	10.08	102816	7197.12	110013.12	BT		*	RECEIVED AT PBASS COMPLETE	238500	53760	184740	ACTIVE
T2	71	DM	71DM	T271DM	SPINDLE MOTOR	ASSY	E-PRO	2107646	TOLI PACKAGING (THAILAND) CO. LTD.	THAILAND	D0008573280	INV261027		4/6/2026	YD50252	11C1-888-00004	PACKING TRAYS	D754617700REV.A BOTTOM (NMB REV.A)	DORADO 10D	2	10200	PCS	10.08	102816	7197.12	110013.12	BT		*	RECEIVED AT PBASS COMPLETE	238500	53760	184740	ACTIVE
T2	71	DM	71DM	T271DM	SPINDLE MOTOR	ASSY	E-PRO	2107646	TOLI PACKAGING (THAILAND) CO. LTD.	THAILAND	D0008573288	INV261028		4/6/2026	YD50253	11B5-889-00001	PACKING TRAYS	TOP	ROSEWOOD 2D	2	600	PCS	11.3	6780	474.6	7254.6	BT		*	RECEIVED AT PBASS COMPLETE	15000	4000	11000	ACTIVE
T2	71	DM	71DM	T271DM	SPINDLE MOTOR	ASSY	E-PRO	2107646	TOLI PACKAGING (THAILAND) CO. LTD.	THAILAND	D0008573288	INV261028		4/6/2026	YD50254	11B5-888-00001	PACKING TRAYS	BOTTOM	ROSEWOOD 2D	2	600	PCS	11.3	6780	474.6	7254.6	BT		*	RECEIVED AT PBASS COMPLETE	15000	4000	11000	ACTIVE
T2	71	DM	71DM	T271DM	SPINDLE MOTOR	ASSY	E-PRO	2107646	TOLI PACKAGING (THAILAND) CO. LTD.	THAILAND	D0008573288	INV261028		4/6/2026	YD50255	11B5-889-00003	TRAY	TOP D718933800 A(NMB REV.A)	V11 1D	2	2100	PCS	10.4	21840	1528.8	23368.8	BT		*	RECEIVED AT PBASS COMPLETE	39000	10800	28200	ACTIVE
T2	71	DM	71DM	T271DM	SPINDLE MOTOR	ASSY	E-PRO	2107646	TOLI PACKAGING (THAILAND) CO. LTD.	THAILAND	D0008573288	INV261028		4/6/2026	YD50256	11B6-889-00002	TRAY	BOTTOM D725925300REV.A(NMB REV.A)	V11 1D	2	2100	PCS	10.4	21840	1528.8	23368.8	BT		*	RECEIVED AT PBASS COMPLETE	39000	10800	28200	ACTIVE
T2	71	DM	71DM	T271DM	SPINDLE MOTOR	ASSY	E-PRO	2107646	TOLI PACKAGING (THAILAND) CO. LTD.	THAILAND	D0008573288	INV261028		4/6/2026	YD50257	11B9-889-00019	PACKING TRAYS	TOP D743036800REVA(NMB REV.A)	CIMARRON 5D	2	1800	PCS	10.4	18720	1310.4	20030.4	BT		*	RECEIVED AT PBASS COMPLETE	53100	11700	41400	ACTIVE
T2	71	DM	71DM	T271DM	SPINDLE MOTOR	ASSY	E-PRO	2107646	TOLI PACKAGING (THAILAND) CO. LTD.	THAILAND	D0008573288	INV261028		4/6/2026	YD50258	11B9-889-00018	PACKING TRAYS	BOTTOM D743037100REV.A(NMB REV.A)	CIMARRON 5D	2	1800	PCS	10.4	18720	1310.4	20030.4	BT		*	RECEIVED AT PBASS COMPLETE	53100	11700	41400	ACTIVE
T2	71	DM	71DM	T271DM	SPINDLE MOTOR	ASSY	E-PRO	2107646	TOLI PACKAGING (THAILAND) CO. LTD.	THAILAND	D0008583955	INV261036		4/6/2026	YD50251	11C0-889-00011	PACKING TRAYS	D749019300REV.A TOP(NMB REV.A)	DORADO 10D	3	360	PCS	10.08	3628.8	254.02	3882.82	BT		*	RECEIVED AT PBASS COMPLETE	238500	53760	184740	ACTIVE
T2	71	DM	71DM	T271DM	SPINDLE MOTOR	ASSY	E-PRO	2107646	TOLI PACKAGING (THAILAND) CO. LTD.	THAILAND	D0008583955	INV261036		4/6/2026	YD50252	11C1-888-00004	PACKING TRAYS	D754617700REV.A BOTTOM (NMB REV.A)	DORADO 10D	3	360	PCS	10.08	3628.8	254.02	3882.82	BT		*	RECEIVED AT PBASS COMPLETE	238500	53760	184740	ACTIVE
T2	71	DM	71DM	T271DM	SPINDLE MOTOR	ASSY	E-PRO	2107646	TOLI PACKAGING (THAILAND) CO. LTD.	THAILAND	D0008583961	INV261037		4/6/2026	YD50247	11B5-889-00005	TRAY	TOP D9650014761 REV.B(NMB REV.A)	V11 4D	3	240	PCS	11.55	2772	194.04	2966.04	BT		*	RECEIVED AT PBASS COMPLETE	21300	8340	12960	ACTIVE
T2	71	DM	71DM	T271DM	SPINDLE MOTOR	ASSY	E-PRO	2107646	TOLI PACKAGING (THAILAND) CO. LTD.	THAILAND	D0008583961	INV261037		4/6/2026	YD50248	11B6-889-00004	TRAY	BOTTOM D9650014760REV.A(NMB REV.A)	V11 4D	3	240	PCS	11.55	2772	194.04	2966.04	BT		*	RECEIVED AT PBASS COMPLETE	21300	8340	12960	ACTIVE
T2	71	DM	71DM	T271DM	SPINDLE MOTOR	ASSY	E-PRO	2107646	TOLI PACKAGING (THAILAND) CO. LTD.	THAILAND	D0008583961	INV261037		4/6/2026	YD50251	11C0-889-00011	PACKING TRAYS	D749019300REV.A TOP(NMB REV.A)	DORADO 10D	4	300	PCS	10.08	3024	211.68	3235.68	BT		*	RECEIVED AT PBASS COMPLETE	238500	53760	184740	ACTIVE
T2	71	DM	71DM	T271DM	SPINDLE MOTOR	ASSY	E-PRO	2107646	TOLI PACKAGING (THAILAND) CO. LTD.	THAILAND	D0008583961	INV261037		4/6/2026	YD50252	11C1-888-00004	PACKING TRAYS	D754617700REV.A BOTTOM (NMB REV.A)	DORADO 10D	4	300	PCS	10.08	3024	211.68	3235.68	BT		*	RECEIVED AT PBASS COMPLETE	238500	53760	184740	ACTIVE
T2	71	DM	71DM	T271DM	SPINDLE MOTOR	ASSY	E-PRO	2107646	TOLI PACKAGING (THAILAND) CO. LTD.	THAILAND	D0008583961	INV261037		4/6/2026	YD50255	11B5-889-00003	TRAY	TOP D718933800 A(NMB REV.A)	V11 1D	3	300	PCS	10.4	3120	218.4	3338.4	BT		*	RECEIVED AT PBASS COMPLETE	39000	10800	28200	ACTIVE
T2	71	DM	71DM	T271DM	SPINDLE MOTOR	ASSY	E-PRO	2107646	TOLI PACKAGING (THAILAND) CO. LTD.	THAILAND	D0008583961	INV261037		4/6/2026	YD50256	11B6-889-00002	TRAY	BOTTOM D725925300REV.A(NMB REV.A)	V11 1D	3	300	PCS	10.4	3120	218.4	3338.4	BT		*	RECEIVED AT PBASS COMPLETE	39000	10800	28200	ACTIVE
T2	71	DM	71DM	T271DM	SPINDLE MOTOR	ASSY	E-PRO	2107646	TOLI PACKAGING (THAILAND) CO. LTD.	THAILAND	D0008583967	INV261038		4/6/2026	YD50251	11C0-889-00011	PACKING TRAYS	D749019300REV.A TOP(NMB REV.A)	DORADO 10D	5	900	PCS	10.08	9072	635.04	9707.04	BT		*	RECEIVED AT PBASS COMPLETE	238500	53760	184740	ACTIVE
T2	71	DM	71DM	T271DM	SPINDLE MOTOR	ASSY	E-PRO	2107646	TOLI PACKAGING (THAILAND) CO. LTD.	THAILAND	D0008583967	INV261038		4/6/2026	YD50252	11C1-888-00004	PACKING TRAYS	D754617700REV.A BOTTOM (NMB REV.A)	DORADO 10D	5	900	PCS	10.08	9072	635.04	9707.04	BT		*	RECEIVED AT PBASS COMPLETE	238500	53760	184740	ACTIVE
T2	71	DM	71DM	T271DM	SPINDLE MOTOR	ASSY	E-PRO	2107646	TOLI PACKAGING (THAILAND) CO. LTD.	THAILAND	D0008584478	INV261041		5/6/2026	YD50247	11B5-889-00005	TRAY	TOP D9650014761 REV.B(NMB REV.A)	V11 4D	4	900	PCS	11.55	10395	727.65	11122.65	BT		*	RECEIVED AT PBASS COMPLETE	21300	8340	12960	ACTIVE
T2	71	DM	71DM	T271DM	SPINDLE MOTOR	ASSY	E-PRO	2107646	TOLI PACKAGING (THAILAND) CO. LTD.	THAILAND	D0008584478	INV261041		5/6/2026	YD50248	11B6-889-00004	TRAY	BOTTOM D9650014760REV.A(NMB REV.A)	V11 4D	4	900	PCS	11.55	10395	727.65	11122.65	BT		*	RECEIVED AT PBASS COMPLETE	21300	8340	12960	ACTIVE
T2	71	DM	71DM	T271DM	SPINDLE MOTOR	ASSY	E-PRO	2107646	TOLI PACKAGING (THAILAND) CO. LTD.	THAILAND	D0008584478	INV261041		5/6/2026	YD50251	11C0-889-00011	PACKING TRAYS	D749019300REV.A TOP(NMB REV.A)	DORADO 10D	6	10200	PCS	10.08	102816	7197.12	110013.12	BT		*	RECEIVED AT PBASS COMPLETE	238500	53760	184740	ACTIVE
T2	71	DM	71DM	T271DM	SPINDLE MOTOR	ASSY	E-PRO	2107646	TOLI PACKAGING (THAILAND) CO. LTD.	THAILAND	D0008584478	INV261041		5/6/2026	YD50252	11C1-888-00004	PACKING TRAYS	D754617700REV.A BOTTOM (NMB REV.A)	DORADO 10D	6	10200	PCS	10.08	102816	7197.12	110013.12	BT		*	RECEIVED AT PBASS COMPLETE	238500	53760	184740	ACTIVE
T2	71	DM	71DM	T271DM	SPINDLE MOTOR	ASSY	E-PRO	2107646	TOLI PACKAGING (THAILAND) CO. LTD.	THAILAND	D0008584478	INV261041		5/6/2026	YD50253	11B5-889-00001	PACKING TRAYS	TOP	ROSEWOOD 2D	3	1000	PCS	11.3	11300	791	12091	BT		*	RECEIVED AT PBASS COMPLETE	15000	4000	11000	ACTIVE
T2	71	DM	71DM	T271DM	SPINDLE MOTOR	ASSY	E-PRO	2107646	TOLI PACKAGING (THAILAND) CO. LTD.	THAILAND	D0008584478	INV261041		5/6/2026	YD50254	11B5-888-00001	PACKING TRAYS	BOTTOM	ROSEWOOD 2D	3	1000	PCS	11.3	11300	791	12091	BT		*	RECEIVED AT PBASS COMPLETE	15000	4000	11000	ACTIVE
T2	71	DM	71DM	T271DM	SPINDLE MOTOR	ASSY	E-PRO	2107646	TOLI PACKAGING (THAILAND) CO. LTD.	THAILAND	D0008584478	INV261041		5/6/2026	YD50255	11B5-889-00003	TRAY	TOP D718933800 A(NMB REV.A)	V11 1D	4	2100	PCS	10.4	21840	1528.8	23368.8	BT		*	RECEIVED AT PBASS COMPLETE	39000	10800	28200	ACTIVE
T2	71	DM	71DM	T271DM	SPINDLE MOTOR	ASSY	E-PRO	2107646	TOLI PACKAGING (THAILAND) CO. LTD.	THAILAND	D0008584478	INV261041		5/6/2026	YD50256	11B6-889-00002	TRAY	BOTTOM D725925300REV.A(NMB REV.A)	V11 1D	4	2100	PCS	10.4	21840	1528.8	23368.8	BT		*	RECEIVED AT PBASS COMPLETE	39000	10800	28200	ACTIVE
T2	71	DM	71DM	T271DM	SPINDLE MOTOR	ASSY	E-PRO	2107646	TOLI PACKAGING (THAILAND) CO. LTD.	THAILAND	D0008584478	INV261041		5/6/2026	YD50257	11B9-889-00019	PACKING TRAYS	TOP D743036800REVA(NMB REV.A)	CIMARRON 5D	3	2700	PCS	10.4	28080	1965.6	30045.6	BT		*	RECEIVED AT PBASS COMPLETE	53100	11700	41400	ACTIVE
T2	71	DM	71DM	T271DM	SPINDLE MOTOR	ASSY	E-PRO	2107646	TOLI PACKAGING (THAILAND) CO. LTD.	THAILAND	D0008584478	INV261041		5/6/2026	YD50258	11B9-889-00018	PACKING TRAYS	BOTTOM D743037100REV.A(NMB REV.A)	CIMARRON 5D	3	2700	PCS	10.4	28080	1965.6	30045.6	BT		*	RECEIVED AT PBASS COMPLETE	53100	11700	41400	ACTIVE
T2	71	DM	71DM	T271DM	SPINDLE MOTOR	ASSY	E-PRO	2107646	TOLI PACKAGING (THAILAND) CO. LTD.	THAILAND	D0008587111	INV261048		6/6/2026	YD50247	11B5-889-00005	TRAY	TOP D9650014761 REV.B(NMB REV.A)	V11 4D	5	900	PCS	11.55	10395	727.65	11122.65	BT		*	RECEIVED AT PBASS COMPLETE	21300	8340	12960	ACTIVE
T2	71	DM	71DM	T271DM	SPINDLE MOTOR	ASSY	E-PRO	2107646	TOLI PACKAGING (THAILAND) CO. LTD.	THAILAND	D0008587111	INV261048		6/6/2026	YD50248	11B6-889-00004	TRAY	BOTTOM D9650014760REV.A(NMB REV.A)	V11 4D	5	900	PCS	11.55	10395	727.65	11122.65	BT		*	RECEIVED AT PBASS COMPLETE	21300	8340	12960	ACTIVE
T2	71	DM	71DM	T271DM	SPINDLE MOTOR	ASSY	E-PRO	2107646	TOLI PACKAGING (THAILAND) CO. LTD.	THAILAND	D0008587111	INV261048		6/6/2026	YD50251	11C0-889-00011	PACKING TRAYS	D749019300REV.A TOP(NMB REV.A)	DORADO 10D	7	10200	PCS	10.08	102816	7197.12	110013.12	BT		*	RECEIVED AT PBASS COMPLETE	238500	53760	184740	ACTIVE
T2	71	DM	71DM	T271DM	SPINDLE MOTOR	ASSY	E-PRO	2107646	TOLI PACKAGING (THAILAND) CO. LTD.	THAILAND	D0008587111	INV261048		6/6/2026	YD50252	11C1-888-00004	PACKING TRAYS	D754617700REV.A BOTTOM (NMB REV.A)	DORADO 10D	7	10200	PCS	10.08	102816	7197.12	110013.12	BT		*	RECEIVED AT PBASS COMPLETE	238500	53760	184740	ACTIVE
T2	71	DM	71DM	T271DM	SPINDLE MOTOR	ASSY	E-PRO	2107646	TOLI PACKAGING (THAILAND) CO. LTD.	THAILAND	D0008587111	INV261048		6/6/2026	YD50253	11B5-889-00001	PACKING TRAYS	TOP	ROSEWOOD 2D	4	1000	PCS	11.3	11300	791	12091	BT		*	RECEIVED AT PBASS COMPLETE	15000	4000	11000	ACTIVE
T2	71	DM	71DM	T271DM	SPINDLE MOTOR	ASSY	E-PRO	2107646	TOLI PACKAGING (THAILAND) CO. LTD.	THAILAND	D0008587111	INV261048		6/6/2026	YD50254	11B5-888-00001	PACKING TRAYS	BOTTOM	ROSEWOOD 2D	4	1000	PCS	11.3	11300	791	12091	BT		*	RECEIVED AT PBASS COMPLETE	15000	4000	11000	ACTIVE
T2	71	DM	71DM	T271DM	SPINDLE MOTOR	ASSY	E-PRO	2107646	TOLI PACKAGING (THAILAND) CO. LTD.	THAILAND	D0008587111	INV261048		6/6/2026	YD50255	11B5-889-00003	TRAY	TOP D718933800 A(NMB REV.A)	V11 1D	5	2100	PCS	10.4	21840	1528.8	23368.8	BT		*	RECEIVED AT PBASS COMPLETE	39000	10800	28200	ACTIVE
T2	71	DM	71DM	T271DM	SPINDLE MOTOR	ASSY	E-PRO	2107646	TOLI PACKAGING (THAILAND) CO. LTD.	THAILAND	D0008587111	INV261048		6/6/2026	YD50256	11B6-889-00002	TRAY	BOTTOM D725925300REV.A(NMB REV.A)	V11 1D	5	2100	PCS	10.4	21840	1528.8	23368.8	BT		*	RECEIVED AT PBASS COMPLETE	39000	10800	28200	ACTIVE
T2	71	DM	71DM	T271DM	SPINDLE MOTOR	ASSY	E-PRO	2107646	TOLI PACKAGING (THAILAND) CO. LTD.	THAILAND	D0008587111	INV261048		6/6/2026	YD50257	11B9-889-00019	PACKING TRAYS	TOP D743036800REVA(NMB REV.A)	CIMARRON 5D	4	2700	PCS	10.4	28080	1965.6	30045.6	BT		*	RECEIVED AT PBASS COMPLETE	53100	11700	41400	ACTIVE
T2	71	DM	71DM	T271DM	SPINDLE MOTOR	ASSY	E-PRO	2107646	TOLI PACKAGING (THAILAND) CO. LTD.	THAILAND	D0008587111	INV261048		6/6/2026	YD50258	11B9-889-00018	PACKING TRAYS	BOTTOM D743037100REV.A(NMB REV.A)	CIMARRON 5D	4	2700	PCS	10.4	28080	1965.6	30045.6	BT		*	RECEIVED AT PBASS COMPLETE	53100	11700	41400	ACTIVE
T2	71	DM	71DM	T271DM	SPINDLE MOTOR	ASSY	E-PRO	2107646	TOLI PACKAGING (THAILAND) CO. LTD.	THAILAND	D0008587127	INV261063		8/6/2026	YD50247	11B5-889-00005	TRAY	TOP D9650014761 REV.B(NMB REV.A)	V11 4D	6	1800	PCS	11.55	20790	1455.3	22245.3	BT		*	RECEIVED AT PBASS COMPLETE	21300	8340	12960	ACTIVE
T2	71	DM	71DM	T271DM	SPINDLE MOTOR	ASSY	E-PRO	2107646	TOLI PACKAGING (THAILAND) CO. LTD.	THAILAND	D0008587127	INV261063		8/6/2026	YD50248	11B6-889-00004	TRAY	BOTTOM D9650014760REV.A(NMB REV.A)	V11 4D	6	1800	PCS	11.55	20790	1455.3	22245.3	BT		*	RECEIVED AT PBASS COMPLETE	21300	8340	12960	ACTIVE
T2	71	DM	71DM	T271DM	SPINDLE MOTOR	ASSY	E-PRO	2107646	TOLI PACKAGING (THAILAND) CO. LTD.	THAILAND	D0008587127	INV261063		8/6/2026	YD50251	11C0-889-00011	PACKING TRAYS	D749019300REV.A TOP(NMB REV.A)	DORADO 10D	8	10200	PCS	10.08	102816	7197.12	110013.12	BT		*	RECEIVED AT PBASS COMPLETE	238500	53760	184740	ACTIVE
T2	71	DM	71DM	T271DM	SPINDLE MOTOR	ASSY	E-PRO	2107646	TOLI PACKAGING (THAILAND) CO. LTD.	THAILAND	D0008587127	INV261063		8/6/2026	YD50252	11C1-888-00004	PACKING TRAYS	D754617700REV.A BOTTOM (NMB REV.A)	DORADO 10D	8	10200	PCS	10.08	102816	7197.12	110013.12	BT		*	RECEIVED AT PBASS COMPLETE	238500	53760	184740	ACTIVE
T2	71	DM	71DM	T271DM	SPINDLE MOTOR	ASSY	E-PRO	2107646	TOLI PACKAGING (THAILAND) CO. LTD.	THAILAND	D0008587127	INV261063		8/6/2026	YD50253	11B5-889-00001	PACKING TRAYS	TOP	ROSEWOOD 2D	5	800	PCS	11.3	9040	632.8	9672.8	BT		*	RECEIVED AT PBASS COMPLETE	15000	4000	11000	ACTIVE
T2	71	DM	71DM	T271DM	SPINDLE MOTOR	ASSY	E-PRO	2107646	TOLI PACKAGING (THAILAND) CO. LTD.	THAILAND	D0008587127	INV261063		8/6/2026	YD50254	11B5-888-00001	PACKING TRAYS	BOTTOM	ROSEWOOD 2D	5	800	PCS	11.3	9040	632.8	9672.8	BT		*	RECEIVED AT PBASS COMPLETE	15000	4000	11000	ACTIVE
T2	71	DM	71DM	T271DM	SPINDLE MOTOR	ASSY	E-PRO	2107646	TOLI PACKAGING (THAILAND) CO. LTD.	THAILAND	D0008587127	INV261063		8/6/2026	YD50255	11B5-889-00003	TRAY	TOP D718933800 A(NMB REV.A)	V11 1D	6	1500	PCS	10.4	15600	1092	16692	BT		*	RECEIVED AT PBASS COMPLETE	39000	10800	28200	ACTIVE
T2	71	DM	71DM	T271DM	SPINDLE MOTOR	ASSY	E-PRO	2107646	TOLI PACKAGING (THAILAND) CO. LTD.	THAILAND	D0008587127	INV261063		8/6/2026	YD50256	11B6-889-00002	TRAY	BOTTOM D725925300REV.A(NMB REV.A)	V11 1D	6	1500	PCS	10.4	15600	1092	16692	BT		*	RECEIVED AT PBASS COMPLETE	39000	10800	28200	ACTIVE
T2	71	DM	71DM	T271DM	SPINDLE MOTOR	ASSY	E-PRO	2107646	TOLI PACKAGING (THAILAND) CO. LTD.	THAILAND	D0008587127	INV261063		8/6/2026	YD50257	11B9-889-00019	PACKING TRAYS	TOP D743036800REVA(NMB REV.A)	CIMARRON 5D	5	2100	PCS	10.4	21840	1528.8	23368.8	BT		*	RECEIVED AT PBASS COMPLETE	53100	11700	41400	ACTIVE
T2	71	DM	71DM	T271DM	SPINDLE MOTOR	ASSY	E-PRO	2107646	TOLI PACKAGING (THAILAND) CO. LTD.	THAILAND	D0008587127	INV261063		8/6/2026	YD50258	11B9-889-00018	PACKING TRAYS	BOTTOM D743037100REV.A(NMB REV.A)	CIMARRON 5D	5	2100	PCS	10.4	21840	1528.8	23368.8	BT		*	RECEIVED AT PBASS COMPLETE	53100	11700	41400	ACTIVE
T2	71	DM	71DM	T271DM	SPINDLE MOTOR	ASSY	E-PRO	2107646	TOLI PACKAGING (THAILAND) CO. LTD.	THAILAND	D0008590469	INV261065		8/6/2026	YD50255	11B5-889-00003	TRAY	TOP D718933800 A(NMB REV.A)	V11 1D	7	300	PCS	10.4	3120	218.4	3338.4	BT		*	RECEIVED AT PBASS COMPLETE	39000	10800	28200	ACTIVE
T2	71	DM	71DM	T271DM	SPINDLE MOTOR	ASSY	E-PRO	2107646	TOLI PACKAGING (THAILAND) CO. LTD.	THAILAND	D0008590469	INV261065		8/6/2026	YD50256	11B6-889-00002	TRAY	BOTTOM D725925300REV.A(NMB REV.A)	V11 1D	7	300	PCS	10.4	3120	218.4	3338.4	BT		*	RECEIVED AT PBASS COMPLETE	39000	10800	28200	ACTIVE
T2	71	DM	71DM	T271DM	SPINDLE MOTOR	ASSY	E-PRO	2107646	TOLI PACKAGING (THAILAND) CO. LTD.	THAILAND	D0008590503	INV261066		8/6/2026	YD50251	11C0-889-00011	PACKING TRAYS	D749019300REV.A TOP(NMB REV.A)	DORADO 10D	9	900	PCS	10.08	9072	635.04	9707.04	BT		*	RECEIVED AT PBASS COMPLETE	238500	53760	184740	ACTIVE
T2	71	DM	71DM	T271DM	SPINDLE MOTOR	ASSY	E-PRO	2107646	TOLI PACKAGING (THAILAND) CO. LTD.	THAILAND	D0008590503	INV261066		8/6/2026	YD50252	11C1-888-00004	PACKING TRAYS	D754617700REV.A BOTTOM (NMB REV.A)	DORADO 10D	9	900	PCS	10.08	9072	635.04	9707.04	BT		*	RECEIVED AT PBASS COMPLETE	238500	53760	184740	ACTIVE
T2	71	DM	71DM	T271DM	SPINDLE MOTOR	ASSY	E-PRO	4108129	NUNTAWUN SUPPLY	THAILAND	D0008580686	45/2216		4/6/2026	YE3589W		CLOTHS	QUO.		1	10	KGS	21	210	14.7	224.7	BT		*	RECEIVED AT PBASS COMPLETE	10	10	0	CLOSED
